,influencer,mean_active_start_by_influencer
0,759491,1984.1666666666667
1,25462,1990.0
2,66915,1972.210796915167
3,71209,1984.84375
4,91438,1987.7777777777778
5,113823,1986.6666666666667
6,132710,1993.3333333333333
7,208582,1972.5
8,378288,1992.1875
9,397880,1988.1818181818182
10,489999,1984.0
11,492331,1985.5882352941176
12,615119,1990.0
13,651107,1979.2307692307693
14,747445,1980.888888888889
15,755156,1988.5915492957747
16,838272,1979.2307692307693
17,895136,1990.9722222222222
18,899530,1990.8433734939758
19,960690,1981.6666666666667
20,988638,1978.8235294117646
21,75264,1984.4444444444443
22,91650,1983.763440860215
23,112789,1993.2432432432433
24,134729,1989.7297297297298
25,175775,1986.0
26,295756,1980.625
27,359326,1990.0
28,446509,1988.482142857143
29,485135,1989.375
30,579839,1986.9565217391305
31,741746,1989.5238095238096
32,789064,1986.6666666666667
33,790820,1992.0
34,796045,1989.5454545454545
35,806829,1989.25
36,825087,1988.0
37,863790,1990.0
38,883318,1990.0
39,151290,1982.7272727272727
40,286662,1982.857142857143
41,748421,1980.0
42,5953,1978.5294117647059
43,12654,1987.0
44,59537,1979.2857142857142
45,61938,1983.6363636363637
46,81493,1982.1739130434783
47,84209,1981.123595505618
48,130932,1980.6666666666667
49,139026,1979.8642533936652
50,182598,1977.03125
51,187581,1979.3181818181818
52,200968,1982.2222222222222
53,349157,1987.037037037037
54,354105,1971.4427860696517
55,379125,1985.0675675675675
56,390390,1971.111111111111
57,485791,1983.3333333333333
58,490004,1981.732283464567
59,503913,1976.6666666666667
60,562304,1977.5862068965516
61,574772,1984.7692307692307
62,604852,1982.8358208955224
63,623985,1980.0
64,754032,1971.7886178861788
65,771438,1981.8713450292398
66,772567,1970.4545454545455
67,840402,1978.232044198895
68,8828,1995.909090909091
69,81403,1990.0
70,546214,1999.4117647058824
71,628467,1997.9310344827586
72,13384,1984.7368421052631
73,19241,1990.0
74,65397,1977.2727272727273
75,86312,1989.4117647058824
76,99753,1972.857142857143
77,136640,1974.375
78,175286,1983.061224489796
79,210512,1988.0
80,234325,1978.723404255319
81,409954,1962.6666666666667
82,749175,1971.4285714285713
83,804289,1971.8181818181818
84,50493,1995.0
85,96977,1994.2857142857142
86,97325,1990.0
87,219966,1992.2222222222222
88,561105,1995.0
89,607053,1993.3333333333333
90,1528006,1950.0
91,559405,2000.0
92,156886,1980.0
93,112017,1954.1666666666667
94,203804,1960.0
95,588679,1960.0
96,744548,1959.5
97,38936,1973.4782608695652
98,41874,1976.021505376344
99,249175,1965.0
100,639397,1980.0
101,642542,1972.3809523809523
102,765585,1962.0
103,781837,1970.8823529411766
104,785283,1966.2962962962963
105,792507,1960.281690140845
106,798543,1967.5
107,183867,1965.8823529411766
108,346336,1979.0845070422536
109,423829,1965.625
110,750519,1971.1764705882354
111,840102,1973.6
112,988440,1982.3333333333333
113,133969,1984.1666666666667
114,7689,1993.5135135135135
115,160690,1991.8181818181818
116,208774,1990.5084745762713
117,262255,1995.0
118,319347,1996.0526315789473
119,376204,1993.235294117647
120,802302,1986.2162162162163
121,820434,1994.888888888889
122,112462,1967.3626373626373
123,176936,1960.3921568627452
124,187478,1972.8260869565217
125,192382,1976.2105263157894
126,240865,1967.7777777777778
127,255371,1970.0
128,489303,1965.047619047619
129,824599,1959.0
130,831381,1974.4444444444443
131,894465,1972.0062695924764
132,18977,1980.0
133,19297,1979.375
134,297894,1975.7142857142858
135,517607,2007.5
136,583618,1994.8484848484848
137,626463,1992.1739130434783
138,859509,1994.5454545454545
139,101895,2000.0
140,239859,1962.857142857143
141,304458,1955.0
142,649950,1966.6666666666667
143,691807,1967.5
144,178014,1977.9166666666667
145,246768,1969.0
146,295276,1971.7142857142858
147,603590,1976.6666666666667
148,745584,1983.076923076923
149,790988,1974.5454545454545
150,819344,1974.5454545454545
151,855773,1982.5
152,131627,1976.0
153,137580,1984.5
154,170369,1987.948717948718
155,207735,1973.3333333333333
156,240311,1966.8181818181818
157,289177,1972.2222222222222
158,309458,1966.6666666666667
159,332141,1961.8867924528302
160,519637,1995.0
161,578028,1980.0
162,584923,1974.0
163,690254,1983.4782608695652
164,744265,1980.0
165,767068,1974.0
166,816890,1971.517857142857
167,921965,1965.0
168,923384,1991.4285714285713
169,532957,1946.6666666666667
170,805930,1951.7142857142858
171,123007,1980.0
172,490141,1974.5454545454545
173,42234,1982.5
174,536122,1975.625
175,31380,1992.2222222222222
176,122754,1991.6666666666667
177,145443,1980.0
178,237205,1988.8311688311687
179,661524,1979.7058823529412
180,664817,1985.625
181,806336,1978.75
182,100160,1974.3229166666667
183,577627,1972.2818791946308
184,1190,1992.0
185,74195,1982.857142857143
186,101946,1982.857142857143
187,134600,1998.076923076923
188,164053,1995.0
189,165011,1970.3125
190,170770,2000.0
191,279337,1990.7142857142858
192,290072,1986.2857142857142
193,316834,1978.3431952662722
194,361393,1990.0
195,411761,1979.8076923076924
196,568861,1986.6666666666667
197,614823,1991.4285714285713
198,622805,1981.6666666666667
199,866491,2000.0
200,887806,1990.0
201,927555,1976.7368421052631
202,933172,1965.0
203,22124,1987.6811594202898
204,98465,1985.2173913043478
205,105422,1986.1538461538462
206,163386,1980.0
207,246611,1981.2328767123288
208,260206,1982.037037037037
209,287259,1983.0
210,315403,1982.5806451612902
211,371258,1986.1538461538462
212,386253,1981.6666666666667
213,406294,1987.9166666666667
214,424244,1983.7037037037037
215,490952,1987.6666666666667
216,501407,1979.6363636363637
217,561715,1985.7142857142858
218,588450,1991.4285714285713
219,673208,1989.2857142857142
220,749970,1979.5652173913043
221,751910,1985.8333333333333
222,925852,1980.0
223,957085,1989.3333333333333
224,1098,1989.5238095238096
225,223627,1992.5
226,280956,1988.75
227,351733,1992.0588235294117
228,357406,1992.3636363636363
229,388198,1992.5
230,506513,1990.5882352941176
231,572737,1989.5238095238096
232,825251,1991.25
233,120521,1962.3899371069183
234,180228,1963.55421686747
235,799053,1975.0
236,824022,1960.5681818181818
237,16835,1960.0
238,22928,1970.0
239,46120,1972.0
240,76057,1979.4
241,114342,1975.5405405405406
242,137474,1979.0625
243,138699,1973.1746031746031
244,311674,1963.1818181818182
245,327765,1977.0588235294117
246,489676,1965.2631578947369
247,6334,1962.857142857143
248,150629,1967.6470588235295
249,695189,1965.0
250,804476,1971.578947368421
251,958533,1967.857142857143
252,28692,1960.0
253,175553,1964.1525423728813
254,208404,1950.0
255,404463,1960.952380952381
256,640675,1952.1052631578948
257,868092,1967.142857142857
258,749222,1988.0
259,752945,1990.0
260,37730,1991.219512195122
261,39258,1992.2222222222222
262,47789,1986.0
263,51992,1982.0
264,78741,1990.0
265,130173,1989.2857142857142
266,184043,1995.7575757575758
267,287917,1992.857142857143
268,350840,1985.5555555555557
269,387530,1991.6666666666667
270,490554,1993.3333333333333
271,612716,1988.4615384615386
272,853492,1984.2857142857142
273,898479,1985.7142857142858
274,936425,1977.5
275,987491,1979.4117647058824
276,11707,1980.8333333333333
277,43714,1976.734693877551
278,46925,1978.4615384615386
279,96964,1981.25
280,102399,1974.0
281,110161,1973.3333333333333
282,130689,1980.8823529411766
283,136871,1978.5714285714287
284,277351,1970.0
285,481461,1980.0
286,674662,1967.142857142857
287,685647,1974.6511627906978
288,796734,1982.5
289,957296,1978.7096774193549
290,60306,1942.5
291,79016,1964.0566037735848
292,82584,1945.4545454545455
293,162677,1951.311475409836
294,172642,1945.0
295,184502,1964.6666666666667
296,204901,1964.0
297,211758,1953.8947368421052
298,212612,1957.3333333333333
299,213590,1951.0
300,244406,1960.6666666666667
301,742899,1957.7777777777778
302,396372,1952.5
303,21334,1983.3333333333333
304,816701,1981.0
305,825168,1980.0
306,46861,1961.1504424778761
307,60679,1954.0
308,815039,1961.4516129032259
309,825208,1961.4285714285713
310,942252,1959.1666666666667
311,197424,1977.5
312,311680,1990.0
313,617613,2000.0
314,619388,1990.0
315,245039,1965.4545454545455
316,389979,1969.5
317,778568,1974.0
318,36537,1976.6666666666667
319,89021,1971.4285714285713
320,209142,1977.6923076923076
321,307135,1970.0
322,496405,1959.5454545454545
323,805785,1982.5
324,821571,1969.2857142857142
325,842351,1971.111111111111
326,113480,1983.75
327,152312,1972.3076923076924
328,61479,1953.3333333333333
329,64145,1956.0
330,82013,1960.0
331,118544,1958.0851063829787
332,144458,1974.109589041096
333,147200,1955.2941176470588
334,162820,1957.0
335,329468,1962.0833333333333
336,524239,1958.0
337,894335,1954.3243243243244
338,41420,1995.0
339,59819,1978.0
340,101953,1990.0
341,118289,1981.4285714285713
342,477875,1970.909090909091
343,500889,1985.3125
344,509356,1981.6666666666667
345,569256,1980.0
346,572106,1982.0
347,594665,1975.1923076923076
348,664849,1982.0
349,746666,1982.2222222222222
350,865016,1989.5833333333333
351,894847,1985.0
352,55128,1962.7692307692307
353,58616,1955.0
354,116984,1960.0
355,502806,1960.0
356,773642,1968.0
357,50251,1992.2222222222222
358,88180,1991.3333333333333
359,798606,1991.6666666666667
360,139908,1990.0
361,418740,1976.1437908496732
362,671953,1980.0
363,891063,1985.9259259259259
364,334740,1980.7692307692307
365,13393,1980.0
366,59655,1968.5714285714287
367,94224,1965.2631578947369
368,128099,1967.077922077922
369,149973,1973.3333333333333
370,170454,1975.4545454545455
371,179764,1976.6666666666667
372,414251,1966.8686868686868
373,477377,1971.6666666666667
374,542976,1978.5714285714287
375,667169,1980.0
376,751738,1975.0
377,772526,1970.0
378,803242,1995.0
379,806542,1970.8108108108108
380,817011,2000.0
381,894531,1971.6666666666667
382,59293,1974.375
383,71336,1956.6666666666667
384,328352,1960.0
385,575051,1960.7142857142858
386,65590,1994.0
387,189678,1988.4615384615386
388,325459,1986.8235294117646
389,422405,1988.6206896551723
390,545726,1992.857142857143
391,621944,1987.142857142857
392,752314,1991.6129032258063
393,780625,1991.6666666666667
394,922911,1992.2222222222222
395,39013,1997.5
396,305363,2000.0
397,563834,1992.5
398,690456,1992.5
399,781766,1990.0
400,808944,1993.8461538461538
401,855836,1996.25
402,178906,1993.157894736842
403,219203,1990.7407407407406
404,803026,1990.0
405,11754,1988.888888888889
406,22257,1988.5714285714287
407,137084,1986.6666666666667
408,159433,1995.8823529411766
409,177454,1990.0
410,228099,1991.111111111111
411,235923,1992.857142857143
412,246960,1988.75
413,290590,1992.0
414,302106,1995.0
415,354722,1990.0
416,390477,1990.952380952381
417,484145,1976.923076923077
418,495338,1992.9411764705883
419,545074,1990.909090909091
420,572499,1985.0
421,776093,1992.7777777777778
422,790833,1990.0
423,874289,1986.3636363636363
424,121590,1966.8
425,253142,1979.3333333333333
426,567624,1983.3333333333333
427,590441,1987.5
428,1433,1994.5454545454545
429,133057,1994.2857142857142
430,161808,1995.0
431,162269,1994.1176470588234
432,162487,1997.8947368421052
433,227088,1996.6666666666667
434,270491,1982.155172413793
435,286115,1987.6923076923076
436,340446,1980.0
437,368112,1993.75
438,495861,1993.3333333333333
439,749476,1990.8333333333333
440,750131,1997.5
441,834108,1992.7777777777778
442,858375,1986.6666666666667
443,167320,1993.076923076923
444,178122,1990.0
445,420133,1988.076923076923
446,820115,1990.0
447,393345,1994.5833333333333
448,564333,1990.0
449,23290,1940.0
450,170690,1937.142857142857
451,242966,1945.0
452,490416,1958.4313725490197
453,494537,1962.0
454,641450,1945.0
455,748773,1946.6666666666667
456,7731,1996.0
457,7920,1991.8181818181818
458,543595,1990.7692307692307
459,750742,1996.25
460,782768,1994.5454545454545
461,813946,1992.4242424242425
462,12472,1973.0434782608695
463,20050,1981.111111111111
464,36106,1995.0
465,38490,1979.878048780488
466,77175,1985.4545454545455
467,107139,1975.2941176470588
468,178536,1982.0
469,191947,1976.4285714285713
470,265440,1981.6666666666667
471,307461,1977.142857142857
472,313284,1983.75
473,317417,1980.0
474,745964,1980.566037735849
475,798792,1974.0
476,92942,1977.027027027027
477,127337,1972.9411764705883
478,183858,1982.608695652174
479,217622,1981.4285714285713
480,238115,1964.921875
481,531986,1980.8403361344538
482,617196,1981.6296296296296
483,645474,1980.909090909091
484,809266,1977.0
485,852855,1976.6019417475727
486,62823,1987.7142857142858
487,202545,1981.8181818181818
488,385611,1990.0
489,335,1995.0
490,158309,1987.6470588235295
491,225930,1993.8461538461538
492,680476,1992.5
493,792530,1995.2173913043478
494,15318,1990.625
495,81561,1991.904761904762
496,207127,1990.909090909091
497,214162,1990.0
498,251375,1971.875
499,300749,1990.0
500,396676,1991.142857142857
501,522768,1990.7142857142858
502,605375,1994.4444444444443
503,792370,1991.304347826087
504,798248,1993.421052631579
505,944084,1993.1914893617022
506,18258,1984.7368421052631
507,169536,1947.5
508,740833,1992.0
509,44994,1990.0
510,129547,1963.076923076923
511,205180,1981.25
512,369270,1961.6666666666667
513,611102,1965.3333333333333
514,617844,1963.3333333333333
515,625739,1989.375
516,942529,1966.5
517,66570,1977.6923076923076
518,67528,1974.0
519,267354,1956.5625
520,743929,1950.8333333333333
521,809058,1970.0
522,927627,1962.5
523,325401,1967.142857142857
524,473554,1988.888888888889
525,490549,1977.5
526,674150,1980.0
527,686897,1981.9354838709678
528,936190,1982.6315789473683
529,68780,1966.1538461538462
530,175196,1982.5
531,184187,1970.0
532,201760,1980.5
533,248392,1966.0
534,341137,1973.3333333333333
535,7448,1980.0
536,127063,1990.0
537,155563,1985.0
538,308871,1964.5454545454545
539,478246,1990.0
540,651156,1990.5263157894738
541,762731,1977.142857142857
542,767016,1991.2
543,117844,1988.9285714285713
544,200791,1981.4
545,320761,1985.5555555555557
546,410219,1977.0
547,471156,1972.857142857143
548,573100,1995.0
549,791483,1994.7058823529412
550,238495,1961.7857142857142
551,493122,1962.2222222222222
552,543055,1969.2857142857142
553,596922,1960.0
554,631774,1972.0886075949368
555,751019,1964.3589743589744
556,925181,1969.2857142857142
557,573978,1985.7142857142858
558,152023,1990.8333333333333
559,16759,1945.0
560,39656,1958.2758620689656
561,160198,1955.0
562,172350,1944.6666666666667
563,301955,1945.0
564,770629,1950.0
565,47421,1980.0
566,106298,1987.142857142857
567,165663,1985.0
568,193320,1984.2857142857142
569,299471,1980.0
570,745241,1975.5555555555557
571,897214,1983.3333333333333
572,34899,1995.0
573,51376,1988.0645161290322
574,167287,1987.3333333333333
575,219483,1987.4285714285713
576,290812,1985.1190476190477
577,364399,1985.0
578,809357,1993.3333333333333
579,842802,1986.1363636363637
580,990384,2000.0
581,71970,1981.764705882353
582,90389,1990.0
583,673114,1992.0
584,781172,1963.5
585,2411,1977.9411764705883
586,81017,1983.3333333333333
587,147638,1983.3333333333333
588,186927,1983.3333333333333
589,300245,1974.4444444444443
590,675495,1983.3333333333333
591,826364,1985.0
592,840000,1981.5384615384614
593,667794,1972.3076923076924
594,934721,1965.0
595,14651,1974.2
596,70715,1965.5
597,144847,1982.857142857143
598,629609,1988.235294117647
599,664378,1972.7272727272727
600,765722,1970.0
601,814606,1965.7894736842106
602,868456,1966.6666666666667
603,934069,1968.1818181818182
604,944310,1978.051948051948
605,31685,1985.0
606,96613,1987.2413793103449
607,117490,1970.0
608,147635,1979.4117647058824
609,159214,1981.875
610,166785,1987.5
611,174557,1976.4814814814815
612,182900,1985.531914893617
613,184091,1983.3333333333333
614,204386,1984.423076923077
615,248798,1987.5
616,285272,1980.0
617,294923,1974.375
618,359016,1975.4545454545455
619,359966,1986.25
620,688400,1982.0
621,791120,1987.5
622,812046,1982.2222222222222
623,816387,1979.0
624,855405,1984.1666666666667
625,962339,1986.6666666666667
626,31067,1960.3846153846155
627,677781,1965.7894736842106
628,766893,1968.4782608695652
629,772976,1963.3333333333333
630,814898,1961.4285714285713
631,15694,1990.0
632,29791,1990.0
633,29884,1973.103448275862
634,31556,1992.857142857143
635,36521,1991.3333333333333
636,79044,1992.857142857143
637,112185,1990.0
638,145128,1989.75
639,212131,1990.5555555555557
640,240665,1995.0
641,326249,1996.5454545454545
642,575522,1992.857142857143
643,793425,1990.0
644,815537,1993.3333333333333
645,954964,1990.0
646,608701,1958.4070796460178
647,797881,1930.0
648,10412,1990.909090909091
649,21744,1983.3333333333333
650,103484,1989.0
651,600069,1990.0
652,774588,1980.7407407407406
653,848034,1986.6666666666667
654,31274,1978.3333333333333
655,199995,1977.027027027027
656,253861,1960.0
657,404434,1970.0
658,798992,1974.1176470588234
659,140176,1950.0
660,61480,1975.4545454545455
661,131581,1977.5757575757575
662,162233,1981.0
663,781094,1967.3333333333333
664,111794,1960.0
665,161173,1970.0
666,227776,1951.6666666666667
667,398615,1965.7142857142858
668,607283,1960.0
669,32071,1977.142857142857
670,98189,1961.5151515151515
671,193160,1954.6666666666667
672,380704,1947.7777777777778
673,549797,1963.5326086956522
674,747506,1953.3333333333333
675,796741,1956.111111111111
676,848784,1947.8
677,857203,1950.0
678,5882,1978.1690140845071
679,44764,1985.6451612903227
680,75747,1981.5441176470588
681,97182,1977.5
682,936946,1966.25
683,3595,1978.5714285714287
684,79960,1979.6153846153845
685,150048,1990.0
686,203008,1982.4242424242425
687,303626,1981.25
688,825924,1983.3333333333333
689,887619,1978.888888888889
690,128440,1988.5714285714287
691,128495,1992.6315789473683
692,758453,1990.7142857142858
693,891264,1990.0
694,923033,1980.5
695,16281,1991.6666666666667
696,58549,1985.593220338983
697,49774,1998.0
698,61044,1989.3103448275863
699,96379,1992.6923076923076
700,467203,1990.1980198019803
701,69986,1980.0
702,72205,1977.2222222222222
703,159699,1981.2820512820513
704,294085,1984.2857142857142
705,637150,1985.0
706,806247,1982.2222222222222
707,14073,1965.0
708,16438,1984.2857142857142
709,64303,1977.7777777777778
710,73421,1985.0
711,154530,1987.6470588235295
712,180263,1978.6666666666667
713,314600,1977.878787878788
714,343930,1987.7142857142858
715,475932,1990.0
716,478426,1986.842105263158
717,485191,1985.5555555555557
718,501692,1982.0
719,569914,1976.4285714285713
720,684240,1984.0
721,764181,1985.0
722,790732,1985.9259259259259
723,866786,1978.3050847457628
724,939567,1969.7297297297298
725,78044,1986.6666666666667
726,5441,1990.8108108108108
727,9441,1990.0
728,572579,1989.5238095238096
729,38466,1963.8461538461538
730,44703,1985.0
731,153590,1983.75
732,179205,1981.0
733,232564,1980.75
734,295545,1975.7142857142858
735,626268,1979.090909090909
736,696015,1989.0
737,888730,1964.0
738,29067,1974.0
739,423267,1973.3333333333333
740,483587,1973.2
741,582313,1976.909090909091
742,47033,1984.2857142857142
743,129761,1978.5714285714287
744,301619,1993.7037037037037
745,334193,1989.1891891891892
746,798662,1980.6666666666667
747,131841,1960.0
748,793227,1947.8947368421052
749,93322,1978.8461538461538
750,138063,1984.1666666666667
751,160848,1980.0
752,328014,1976.857142857143
753,641994,1973.3333333333333
754,751592,1980.5555555555557
755,785380,1977.7083333333333
756,836312,1971.4285714285713
757,263937,1983.888888888889
758,540883,1988.3870967741937
759,817754,1991.0
760,845775,1980.0
761,864209,1973.5
762,13387,1993.6363636363637
763,70027,1995.0
764,104455,1988.0
765,120953,1990.0
766,501081,1989.2857142857142
767,564726,1991.6666666666667
768,784814,1996.6666666666667
769,40225,1973.0555555555557
770,418955,1971.5625
771,491220,1968.148148148148
772,575012,1957.5
773,597309,1978.888888888889
774,801573,1968.5714285714287
775,806877,1958.1818181818182
776,830375,1964.2857142857142
777,33161,1971.3432835820895
778,590285,1988.1818181818182
779,607448,1983.076923076923
780,766094,1977.6923076923076
781,944349,1983.125
782,162930,1982.2222222222222
783,164093,1958.75
784,185948,1971.5384615384614
785,260038,1963.5555555555557
786,368367,1968.0
787,378624,1969.032258064516
788,29867,1976.6666666666667
789,171728,1954.4444444444443
790,273531,1972.7272727272727
791,314113,1962.0
792,81796,1947.142857142857
793,119629,1960.0
794,290464,1958.1818181818182
795,764702,1965.945945945946
796,845443,1961.8181818181818
797,305501,1993.3333333333333
798,103162,1988.0
799,213212,1978.0
800,302685,1971.8181818181818
801,384675,1967.5
802,834673,1960.0
803,489520,1981.25
804,671244,1986.0
805,766533,1990.0
806,78886,1985.5555555555557
807,80720,1991.111111111111
808,137390,1990.625
809,260212,1991.6
810,482677,1991.111111111111
811,567570,1994.4444444444443
812,789340,1995.0
813,831215,1990.5882352941176
814,895443,1989.642857142857
815,53739,1976.875
816,98081,1972.3076923076924
817,106987,1968.5714285714287
818,131681,1958.5714285714287
819,314155,1970.0
820,330575,1961.3333333333333
821,344275,1960.5555555555557
822,745915,1971.25
823,753985,1957.5
824,794449,1960.0
825,822777,1958.5714285714287
826,132449,1983.8095238095239
827,232701,1984.2857142857142
828,362437,1984.0
829,409968,1991.5
830,671156,1975.4545454545455
831,815236,1983.75
832,837946,1981.6666666666667
833,838300,1975.4545454545455
834,52900,1961.904761904762
835,87985,1966.888888888889
836,274321,1967.0
837,814852,1973.3333333333333
838,823012,1963.3333333333333
839,19701,1981.8
840,34988,1987.2727272727273
841,44906,1982.3076923076924
842,46527,1998.3333333333333
843,188190,1990.0
844,423305,1983.9130434782608
845,633181,1982.6666666666667
846,751604,1990.0
847,179379,1960.0
848,188202,1940.0
849,224638,1977.857142857143
850,233066,1981.551724137931
851,307025,1976.6666666666667
852,504928,1979.0
853,614339,1967.5
854,763301,1969.5833333333333
855,608945,1998.1818181818182
856,781370,1988.0
857,154998,1984.5
858,257544,1975.0
859,749734,1976.896551724138
860,855423,1986.9444444444443
861,341422,1968.5714285714287
862,591104,1957.142857142857
863,688804,1963.3333333333333
864,3829,1955.0
865,28166,1960.0
866,59156,1962.7777777777778
867,76881,1958.5454545454545
868,276085,1960.4040404040404
869,81194,1957.142857142857
870,100854,1956.6666666666667
871,108826,1959.0740740740741
872,148477,1960.0
873,164594,1964.0
874,168958,1973.75
875,198162,1968.75
876,233228,1969.2307692307693
877,457807,1965.0
878,838195,1966.6666666666667
879,611877,1976.25
880,750203,1961.875
881,74970,1955.75
882,246022,1950.7142857142858
883,287604,1951.3207547169811
884,120010,2001.25
885,163420,1995.0
886,206407,1988.5714285714287
887,475334,1992.0
888,479350,1988.75
889,486047,1994.6666666666667
890,604075,1984.0
891,786613,1982.0588235294117
892,1416172,1990.0
893,16944,1988.888888888889
894,129817,1988.4615384615386
895,165830,1985.7142857142858
896,181376,1983.75
897,352171,1982.0
898,681340,1983.076923076923
899,697350,1992.0
900,788508,1991.4285714285713
901,798477,1987.5
902,80780,1991.764705882353
903,85410,1980.0
904,142050,1980.0
905,174122,1990.0
906,177060,1977.142857142857
907,307875,1987.7777777777778
908,345355,1990.0
909,852997,1986.6666666666667
910,69534,1984.375
911,222436,1981.875
912,251595,1985.7142857142858
913,297702,1979.2857142857142
914,520975,1967.142857142857
915,680522,1990.0
916,97529,1966.0
917,226380,1980.0
918,680003,1976.6666666666667
919,789775,1964.0
920,798326,1975.0
921,800100,1960.7692307692307
922,928942,1960.8333333333333
923,961688,1983.3333333333333
924,189644,1952.7272727272727
925,281254,1993.3333333333333
926,393789,1988.3333333333333
927,510805,1995.0
928,530745,1986.7142857142858
929,583959,1976.060606060606
930,592954,1993.6363636363637
931,681171,1990.0
932,787960,1990.0
933,936206,1988.7096774193549
934,941579,1969.047619047619
935,7230,1983.3333333333333
936,140816,1976.6666666666667
937,252184,1980.0
938,337631,1976.25
939,467853,1970.0
940,887348,1982.7272727272727
941,194703,1977.027027027027
942,756656,1970.0
943,191063,1986.6666666666667
944,308932,1981.8181818181818
945,672011,1980.0
946,46794,1991.4285714285713
947,99246,1992.2222222222222
948,162197,1996.842105263158
949,169795,1997.7272727272727
950,377581,1990.0
951,570061,1990.0
952,615489,1992.5
953,925528,1988.0
954,528221,1962.7272727272727
955,2330,1972.0
956,94210,1963.8095238095239
957,397042,1963.3333333333333
958,502199,1960.0
959,548338,1959.6153846153845
960,674332,1970.0
961,678408,1965.5555555555557
962,228299,1990.0
963,233862,1980.6666666666667
964,243527,1982.3529411764705
965,463527,1985.7142857142858
966,156043,1980.8333333333333
967,259800,1980.0
968,754879,1980.0
969,792925,1980.0
970,631579,1979.1666666666667
971,927736,1981.4285714285713
972,955544,1982.5
973,961234,1992.7777777777778
974,103324,1986.0
975,151787,1985.7142857142858
976,305541,1950.0
977,278575,1973.6363636363637
978,567190,1973.5294117647059
979,573870,1969.2307692307693
980,923618,1972.5
981,2993710,1958.75
982,228323,1986.0
983,74853,1988.3333333333333
984,921306,1986.8181818181818
985,190632,1975.0
986,610706,1975.7142857142858
987,502163,1974.6666666666667
988,75295,1973.75
989,173988,1980.0
990,190021,1971.0526315789473
991,242861,1978.0
992,636474,1977.6470588235295
993,9680,1966.1538461538462
994,172612,1975.8333333333333
995,932858,1988.75
996,607804,1958.0
997,407986,1970.0
998,814220,1980.0
999,161351,1995.0
1000,268871,1984.0
1001,333464,1990.0
1002,193231,1987.560975609756
1003,413524,1988.4313725490197
1004,104714,1980.5555555555557
1005,35076,1988.888888888889
1006,161920,1990.0
1007,239921,1990.204081632653
1008,332257,1991.5384615384614
1009,482334,1987.857142857143
1010,748222,1984.6153846153845
1011,129775,1975.625
1012,131624,1985.8333333333333
1013,617370,1975.0
1014,793845,1984.2857142857142
1015,101795,1990.0
1016,188432,1982.857142857143
1017,944206,1984.6153846153845
1018,354158,1990.0
1019,564239,1973.5714285714287
1020,678339,1986.060606060606
1021,755494,1978.4
1022,771010,1980.4761904761904
1023,838241,1986.923076923077
1024,840523,1990.0
1025,937003,1990.5882352941176
1026,69060,1990.0
1027,100473,1990.0
1028,109414,1990.0
1029,238297,1987.5
1030,498691,1984.2857142857142
1031,585189,1984.6666666666667
1032,762500,1994.4444444444443
1033,766361,1985.3846153846155
1034,797431,1996.3636363636363
1035,172167,1997.142857142857
1036,174752,1992.5
1037,601430,1990.0
1038,749504,1968.888888888889
1039,105354,1982.857142857143
1040,500992,1987.4074074074074
1041,835585,1980.0
1042,859868,1980.0
1043,948171,1983.6363636363637
1044,185615,1980.7692307692307
1045,198532,1975.5555555555557
1046,391398,1963.448275862069
1047,538677,1962.1649484536083
1048,744796,1987.0
1049,814751,1982.4
1050,37658,1974.1666666666667
1051,57209,1983.3333333333333
1052,118327,1981.4285714285713
1053,140499,1987.5
1054,174822,1986.3636363636363
1055,186594,1990.0
1056,241724,1990.0
1057,311074,1970.0
1058,387815,1979.655172413793
1059,488378,1987.3333333333333
1060,521704,1978.0
1061,607028,1976.6666666666667
1062,635413,1981.3636363636363
1063,645612,1979.2156862745098
1064,678009,1962.6315789473683
1065,753963,1971.0
1066,773392,1990.0
1067,799466,1992.0
1068,849672,1976.923076923077
1069,936658,1980.0
1070,72041,1979.090909090909
1071,123915,1992.0
1072,208303,1988.3333333333333
1073,754251,1988.6363636363637
1074,756180,1990.0
1075,83095,1991.8181818181818
1076,152973,1993.3333333333333
1077,182360,1985.483870967742
1078,577235,1969.375
1079,4852,1990.0
1080,203670,1985.0
1081,313899,1980.0
1082,749671,1980.0
1083,769444,1996.7441860465117
1084,250435,1975.5555555555557
1085,266160,1959.787234042553
1086,330601,1966.0
1087,330967,1967.142857142857
1088,894827,1965.0
1089,242211,2000.0
1090,323194,1991.8181818181818
1091,259529,1943.921568627451
1092,191429,1960.0
1093,769616,1950.0
1094,959770,1959.4594594594594
1095,127360,1992.1052631578948
1096,358820,1988.9473684210527
1097,481057,1986.3636363636363
1098,567325,1956.25
1099,203639,1970.0
1100,29978,1995.0
1101,35021,1967.3333333333333
1102,135024,1956.6666666666667
1103,282709,1966.4
1104,569685,1967.090909090909
1105,353145,1955.0
1106,70800,1992.2222222222222
1107,154544,1994.7692307692307
1108,195874,1987.6
1109,197921,1985.2941176470588
1110,768321,1991.25
1111,784732,1985.625
1112,27916,1985.0
1113,29909,1971.6666666666667
1114,45313,1983.75
1115,292915,1977.7777777777778
1116,293896,1975.5172413793102
1117,505532,1972.9032258064517
1118,595101,1976.0
1119,643549,1961.111111111111
1120,794173,1980.0
1121,845625,1974.4444444444443
1122,892823,1977.6470588235295
1123,956707,1982.857142857143
1124,84814,1981.875
1125,391933,1980.5263157894738
1126,588508,1980.0
1127,596126,1974.4827586206898
1128,809999,1976.0
1129,256349,1957.142857142857
1130,322027,1956.0
1131,479028,1950.0
1132,495784,1968.888888888889
1133,815575,1952.2727272727273
1134,137494,1957.8431372549019
1135,376608,1962.3076923076924
1136,792953,1959.8
1137,793988,1964.4186046511627
1138,803720,1962.5
1139,193216,1974.0625
1140,210323,1957.7777777777778
1141,482600,1966.0
1142,297955,1987.5
1143,319021,1992.7272727272727
1144,486645,1983.3333333333333
1145,501802,1982.142857142857
1146,583478,1987.142857142857
1147,202554,1940.0
1148,489316,1956.923076923077
1149,129308,1983.5714285714287
1150,415239,1980.0
1151,745318,1986.6666666666667
1152,790814,1989.5652173913043
1153,395819,1946.25
1154,61226,1991.6666666666667
1155,607773,1994.2857142857142
1156,892771,1975.4166666666667
1157,290040,1950.0
1158,317093,1952.6153846153845
1159,668448,1967.0588235294117
1160,817000,1955.0
1161,51066,1990.0
1162,304401,1967.0588235294117
1163,590479,1980.0
1164,925837,1983.75
1165,17748,1980.7692307692307
1166,299668,1984.4444444444443
1167,210991,1998.125
1168,317865,1995.5555555555557
1169,585249,1990.0
1170,922728,1983.4615384615386
1171,84053,1984.6511627906978
1172,119651,1984.0
1173,478603,1975.5
1174,758444,1993.0
1175,336783,1990.8333333333333
1176,384920,1995.0
1177,394449,1990.0
1178,674263,1989.3333333333333
1179,26520,1994.375
1180,408696,1995.0
1181,607202,1995.3846153846155
1182,920101,1987.5
1183,46699,1962.8301886792453
1184,105618,1978.0
1185,130115,1958.4615384615386
1186,138833,1979.1304347826087
1187,170815,1965.1351351351352
1188,244711,1950.0
1189,265456,1957.0588235294117
1190,424296,1966.923076923077
1191,479582,1952.2222222222222
1192,496097,1976.0
1193,497132,1975.3846153846155
1194,636044,1952.2222222222222
1195,692100,1978.0
1196,771297,1970.0
1197,573410,1986.0
1198,652255,1980.0
1199,82742,1987.5
1200,222927,1990.5263157894738
1201,231645,1960.7142857142858
1202,12802,1950.0
1203,195368,1955.0
1204,289685,2000.0
1205,31263,1976.875
1206,333634,1964.0
1207,517264,1968.5714285714287
1208,577531,1961.625
1209,845468,1982.2222222222222
1210,659517,1974.642857142857
1211,674873,1972.857142857143
1212,175708,1976.6666666666667
1213,759031,1985.5555555555557
1214,150062,1958.0
1215,242511,1964.1666666666667
1216,163229,1989.2592592592594
1217,597094,1991.7391304347825
1218,64509,1973.0434782608695
1219,343396,1953.235294117647
1220,68551,2000.0
1221,283405,2000.0
1222,767370,1990.0
1223,926108,1990.0
1224,627337,1971.25
1225,660401,1975.5555555555557
1226,218885,1980.7142857142858
1227,219334,1976.6666666666667
1228,939187,1986.6666666666667
1229,125465,1970.0
1230,33316,1960.0
1231,138332,1966.6666666666667
1232,839369,1966.6666666666667
1233,68738,1985.0
1234,259561,1982.5
1235,639053,1985.3061224489795
1236,920073,1981.6666666666667
1237,26510,1984.2857142857142
1238,152002,1983.076923076923
1239,218994,1988.3333333333333
1240,337271,1990.0
1241,377908,1982.3076923076924
1242,489876,1991.1764705882354
1243,515628,1975.625
1244,543867,1984.2105263157894
1245,823165,1985.4545454545455
1246,10538,1981.4285714285713
1247,89710,1983.75
1248,149515,1977.0
1249,574597,1983.8461538461538
1250,665957,1980.0
1251,921002,1972.9411764705883
1252,206967,1950.909090909091
1253,786228,1953.3333333333333
1254,55304,1953.5
1255,75171,1952.0
1256,143367,1950.0
1257,423095,1950.0
1258,761706,1964.2857142857142
1259,92303,1990.0
1260,131650,1986.1764705882354
1261,493327,1987.5
1262,816900,1977.7777777777778
1263,922200,1987.5
1264,487186,1980.2380952380952
1265,672910,1983.0
1266,926604,1981.304347826087
1267,948557,1982.5
1268,57488,1950.0
1269,82831,1948.095238095238
1270,403120,1948.857142857143
1271,149044,1981.0
1272,267814,1981.4285714285713
1273,345168,1988.0
1274,658346,1980.7692307692307
1275,20278,1982.857142857143
1276,160638,1970.0
1277,246885,1965.0
1278,397876,1970.0
1279,662800,1952.6315789473683
1280,762288,1957.6923076923076
1281,778344,1959.090909090909
1282,422947,1985.7446808510638
1283,515251,1980.0
1284,931105,1988.0
1285,950956,1990.0
1286,42993,1966.0
1287,80537,1965.4545454545455
1288,3495279,1960.0
1289,135054,1983.3333333333333
1290,266255,1980.0
1291,766385,1981.6666666666667
1292,34249,1992.0
1293,167517,1989.4444444444443
1294,286561,1994.0
1295,135152,1994.8148148148148
1296,799081,1986.0
1297,925066,1993.75
1298,573241,1987.5
1299,19892,1988.0
1300,61172,1988.157894736842
1301,758520,1986.4705882352941
1302,858827,1985.064935064935
1303,889097,1988.5714285714287
1304,558339,1958.0
1305,642664,1949.090909090909
1306,988386,1962.5
1307,858710,1961.904761904762
1308,903609,1959.0
1309,484396,1962.6666666666667
1310,578031,1970.0
1311,935990,1960.0
1312,315336,1952.6666666666667
1313,556242,1967.5
1314,75100,1977.0967741935483
1315,140689,1979.0
1316,222351,1990.0
1317,474482,1982.7777777777778
1318,913210,1990.0
1319,171693,1980.0
1320,747757,1978.4615384615386
1321,61534,1976.0
1322,142652,1978.75
1323,13508,1995.0
1324,108679,1992.2222222222222
1325,636433,1995.4545454545455
1326,775877,1999.3548387096773
1327,923705,1996.6666666666667
1328,3413,1940.0
1329,128249,1945.0
1330,142178,1951.6666666666667
1331,205254,1960.0
1332,813392,1969.6153846153845
1333,816896,1961.8181818181818
1334,73644,1971.4285714285713
1335,171637,1963.5
1336,190946,1959.4444444444443
1337,332852,1955.0
1338,3056,1980.0
1339,9084,1980.5
1340,750925,1980.0
1341,783250,1980.0
1342,926548,1978.8
1343,17929,1989.090909090909
1344,58438,1987.2727272727273
1345,106882,1987.5
1346,110104,1976.25
1347,127696,1991.0
1348,176358,1987.7777777777778
1349,200074,1988.1818181818182
1350,619423,1980.0
1351,684830,1980.0
1352,884962,1990.0
1353,920939,1980.0
1354,139933,1957.2727272727273
1355,213165,1960.0
1356,814036,1960.7692307692307
1357,36468,1998.3333333333333
1358,38302,1989.4736842105262
1359,138520,1980.0
1360,223197,1991.4285714285713
1361,255704,1992.857142857143
1362,312354,1993.75
1363,367459,1990.0
1364,471355,1989.047619047619
1365,472925,1992.0
1366,761108,1992.857142857143
1367,855952,1992.5
1368,58372,1979.0625
1369,308645,1992.0
1370,453041,1997.5
1371,741177,1991.111111111111
1372,291043,1979.5454545454545
1373,44290,1949.3333333333333
1374,792175,1955.0
1375,49806,1957.142857142857
1376,64817,1950.0
1377,1006782,1946.25
1378,130764,1990.0
1379,139089,1991.3333333333333
1380,213921,1993.75
1381,243008,1993.75
1382,258430,1992.9411764705883
1383,317545,1991.7241379310344
1384,527267,1992.857142857143
1385,780581,1990.0
1386,805345,1990.0
1387,848913,1980.7692307692307
1388,920994,1986.6666666666667
1389,819894,1955.0
1390,94764,1997.5
1391,451296,1993.076923076923
1392,129430,1978.75
1393,853926,1981.111111111111
1394,928351,1992.2222222222222
1395,312353,1989.090909090909
1396,509223,1989.2857142857142
1397,799771,1990.0
1398,170381,1992.0
1399,465562,1990.0
1400,987621,1977.6923076923076
1401,416785,1961.4285714285713
1402,760240,1965.0
1403,743968,1990.0
1404,102050,1959.047619047619
1405,772745,1993.3333333333333
1406,99561,1980.0
1407,124492,1994.4444444444443
1408,477116,1991.6666666666667
1409,850692,1976.4285714285713
1410,68155,1955.0
1411,278559,1970.0
1412,295415,1981.111111111111
1413,492670,1975.0
1414,639005,1981.6666666666667
1415,899198,1977.5
1416,376739,1976.6666666666667
1417,758943,1980.0
1418,830425,1990.0
1419,962064,1962.2222222222222
1420,942335,1997.5
1421,949820,1995.5555555555557
1422,578141,1974.7368421052631
1423,785611,1962.6666666666667
1424,852007,1966.1702127659576
1425,24944,1986.25
1426,79392,1984.0
1427,466759,1986.0
1428,232869,2000.0
1429,245019,1983.076923076923
1430,758208,1995.2380952380952
1431,669015,1970.0
1432,3170,1970.0
1433,94205,1960.4761904761904
1434,165818,1973.3333333333333
1435,196248,1977.2222222222222
1436,33560,1972.857142857143
1437,266916,1979.1666666666667
1438,418981,1961.0
1439,469286,1967.5
1440,774791,1973.3333333333333
1441,868306,1982.7272727272727
1442,756740,1983.0
1443,115733,1957.5
1444,894956,1962.6923076923076
1445,186312,1983.8095238095239
1446,81083,1962.0338983050847
1447,169202,1963.0434782608695
1448,192925,1971.6666666666667
1449,223054,1977.142857142857
1450,527379,1951.25
1451,536754,1957.6190476190477
1452,738855,1977.142857142857
1453,486775,1955.0
1454,127949,1966.25
1455,139804,1973.3333333333333
1456,354733,1985.7142857142858
1457,146544,1980.0
1458,223701,1972.0
1459,238440,1981.5
1460,600228,1980.0
1461,148355,1985.0
1462,752773,1982.2222222222222
1463,767741,1977.5
1464,776011,1994.2857142857142
1465,837486,1986.6666666666667
1466,809396,1978.5714285714287
1467,48816,1986.6666666666667
1468,211424,1970.0
1469,76658,1990.0
1470,136075,1975.0
1471,406583,1990.0
1472,628684,1990.0
1473,772721,1990.0
1474,804559,1983.75
1475,45057,1963.5714285714287
1476,87113,1963.0
1477,241813,1957.5
1478,334829,1965.4545454545455
1479,577720,1967.7777777777778
1480,117001,1955.0
1481,578744,1958.0
1482,763554,1953.3333333333333
1483,617568,1953.3333333333333
1484,805208,1961.6666666666667
1485,32366,1976.6666666666667
1486,69153,1967.4285714285713
1487,83554,1990.5263157894738
1488,227487,1986.6666666666667
1489,683686,1982.5
1490,800426,1986.25
1491,81619,2003.3333333333333
1492,659299,2000.0
1493,789721,1980.0
1494,842269,1990.0
1495,654490,1957.142857142857
1496,41899,1962.0
1497,133119,1960.0
1498,394806,1980.5714285714287
1499,542549,1957.857142857143
1500,551815,1958.888888888889
1501,628981,1962.2222222222222
1502,38977,1983.3333333333333
1503,196969,1980.5882352941176
1504,300024,1985.5555555555557
1505,443997,1963.3333333333333
1506,571845,1965.0
1507,758601,1972.5
1508,797056,1977.142857142857
1509,837592,1966.0
1510,43444,1988.0
1511,67561,1987.5
1512,107877,1968.3333333333333
1513,224186,1988.888888888889
1514,585574,2001.25
1515,766078,1996.4705882352941
1516,852688,1998.3333333333333
1517,52382,1983.3333333333333
1518,85776,1972.5
1519,154548,1973.6363636363637
1520,224294,1974.4444444444443
1521,339490,1982.857142857143
1522,805661,1974.0
1523,817369,1971.0
1524,835894,1990.0
1525,838524,1976.0
1526,943936,1976.0
1527,359062,1988.75
1528,35587,1992.7272727272727
1529,192338,1995.0
1530,779670,1997.142857142857
1531,885375,1995.0
1532,233035,1956.6666666666667
1533,247966,1978.0
1534,368451,1970.0
1535,847735,1957.857142857143
1536,855531,1973.5294117647059
1537,935330,1990.0
1538,215058,1995.0
1539,270667,1991.875
1540,325443,1988.1818181818182
1541,521851,1993.076923076923
1542,946560,1991.6666666666667
1543,146490,1994.2857142857142
1544,335747,1991.5384615384614
1545,757342,1998.888888888889
1546,771905,1996.1538461538462
1547,683750,1981.4285714285713
1548,66228,1956.6666666666667
1549,229157,1983.6363636363637
1550,777210,1976.25
1551,830538,1974.5
1552,582930,1975.0
1553,842611,1963.3333333333333
1554,339577,1985.0
1555,755519,1987.7777777777778
1556,940583,1988.5714285714287
1557,946137,1985.4545454545455
1558,12180,1997.5
1559,48566,1991.25
1560,207644,1997.5
1561,333643,1971.4285714285713
1562,586798,1996.0
1563,119111,1950.0
1564,120487,1968.0
1565,345427,1964.1666666666667
1566,404345,1971.8181818181818
1567,417607,1978.888888888889
1568,500664,1976.4
1569,843607,1973.3333333333333
1570,75591,1990.0
1571,186185,1992.5
1572,293490,1993.3333333333333
1573,374126,1994.4444444444443
1574,579458,1981.25
1575,641626,1990.0
1576,751613,1998.3333333333333
1577,829267,1993.3333333333333
1578,988471,1986.6666666666667
1579,28772,1967.5
1580,541125,1960.0
1581,784760,1972.857142857143
1582,135032,1971.0
1583,807121,1975.0
1584,669511,1983.3333333333333
1585,892775,1980.0
1586,128585,1967.142857142857
1587,923432,1972.142857142857
1588,181694,1959.090909090909
1589,797205,1958.0
1590,272567,1970.0
1591,949259,1991.111111111111
1592,43499,1955.0
1593,345734,1962.9411764705883
1594,670088,1972.5
1595,187907,1996.6666666666667
1596,924318,1990.0
1597,960674,1951.7391304347825
1598,101701,1983.75
1599,184267,1981.0
1600,80443,1970.0
1601,161830,1970.0
1602,212614,1975.0
1603,954817,1975.7142857142858
1604,634377,1988.5714285714287
1605,75825,1953.6363636363637
1606,765595,1995.0
1607,813731,1991.111111111111
1608,425105,1969.655172413793
1609,34617,1975.0
1610,864257,1976.25
1611,170211,1975.0
1612,249973,1984.7368421052631
1613,420539,1980.0
1614,179730,1968.6666666666667
1615,49180,1956.0
1616,827367,1960.0
1617,838559,1978.75
1618,625736,1978.888888888889
1619,194018,1963.8461538461538
1620,204708,1970.0
1621,309328,1957.2727272727273
1622,620121,1970.8333333333333
1623,668302,1978.0
1624,776562,1978.75
1625,807489,1964.0
1626,28432,1995.0
1627,38579,1986.923076923077
1628,49374,1990.0
1629,52093,1993.3333333333333
1630,206241,1985.7894736842106
1631,296903,1992.0
1632,566918,1987.142857142857
1633,567862,1994.4444444444443
1634,812802,1996.6666666666667
1635,926428,1986.6666666666667
1636,269972,1953.5714285714287
1637,80428,1957.5
1638,428717,1975.3333333333333
1639,90803,1959.375
1640,193342,1992.5
1641,631535,1985.0
1642,2368302,1985.0
1643,308742,1985.0
1644,492037,1991.4285714285713
1645,568137,1999.4117647058824
1646,569402,1985.625
1647,748904,1993.3333333333333
1648,933633,1995.0
1649,18176,1991.25
1650,83013,1980.3125
1651,482787,1981.25
1652,624215,1973.3333333333333
1653,816517,1988.3333333333333
1654,930642,1990.0
1655,570825,1981.2
1656,180449,1980.0
1657,208076,1986.0526315789473
1658,243474,1983.3333333333333
1659,254535,1980.0
1660,674011,1970.0
1661,830319,1974.0
1662,891907,1985.0
1663,893719,1951.111111111111
1664,239961,1960.0
1665,820232,1968.125
1666,26023,1995.0
1667,687487,1992.0
1668,487271,1968.3333333333333
1669,517074,1992.6315789473683
1670,582024,1984.0
1671,795341,1986.0
1672,799644,1990.0
1673,165855,1960.0
1674,109735,1984.090909090909
1675,483848,1980.0
1676,937098,1981.5
1677,764890,1974.0
1678,520545,2001.25
1679,490763,1950.0
1680,227527,1969.6875
1681,126144,1955.0
1682,253457,1950.0
1683,228266,1983.75
1684,127369,1961.0526315789473
1685,201678,1975.0
1686,245760,1964.4444444444443
1687,334770,1964.5454545454545
1688,684253,1961.4285714285713
1689,802745,1970.0
1690,28316,1970.0
1691,683658,1970.0
1692,29334,1960.0
1693,780451,1975.3333333333333
1694,745617,1968.75
1695,784527,1951.4285714285713
1696,790227,1957.857142857143
1697,39661,1960.0
1698,89713,1965.5555555555557
1699,112540,1956.0
1700,154533,1965.357142857143
1701,342768,1954.2857142857142
1702,796950,1960.0
1703,813092,1955.0
1704,898336,1950.0
1705,310789,1970.0
1706,288111,1990.0
1707,488921,1990.0
1708,673621,1991.8181818181818
1709,553483,1990.0
1710,763237,1983.3333333333333
1711,926307,1983.3333333333333
1712,1608941,1988.5714285714287
1713,756518,1950.0
1714,44751,1987.2727272727273
1715,378041,1993.3333333333333
1716,794846,1990.8333333333333
1717,808214,1977.142857142857
1718,74340,1944.0
1719,245992,1958.0
1720,21747,1983.0
1721,65882,1980.0
1722,190888,1970.0
1723,192260,1976.0
1724,228444,1973.3333333333333
1725,314050,1976.6666666666667
1726,361973,1985.0
1727,666763,1976.25
1728,934350,1975.0
1729,171150,1986.25
1730,492275,1980.5263157894738
1731,553810,1976.6666666666667
1732,837150,1960.0
1733,141838,1986.6666666666667
1734,320845,1987.142857142857
1735,339624,1980.0
1736,347148,1986.6666666666667
1737,492466,1972.0
1738,623254,1980.0
1739,143494,1974.0
1740,153519,1956.6666666666667
1741,151431,1966.25
1742,198783,1956.4285714285713
1743,554963,1978.75
1744,811622,1987.5
1745,211197,1960.0
1746,342833,1966.6666666666667
1747,26164,1998.5714285714287
1748,498961,1992.5
1749,620495,1995.0
1750,921710,2000.0
1751,494474,1990.0
1752,504276,1985.0
1753,776659,1982.0
1754,620386,1990.0
1755,183715,1990.0
1756,763601,1992.5
1757,74134,1965.0
1758,476356,1945.0
1759,483334,1950.0
1760,456896,1993.3333333333333
1761,66429,1978.0
1762,200775,1952.8846153846155
1763,327735,1982.3076923076924
1764,318966,1990.0
1765,375945,1985.7142857142858
1766,49062,2000.0
1767,185018,2000.0
1768,211095,2000.0
1769,195237,1982.857142857143
1770,135273,1976.2857142857142
1771,502398,1971.111111111111
1772,577590,1957.5
1773,827250,1953.75
1774,761341,1992.5
1775,93533,1960.0
1776,36987,1983.3333333333333
1777,286483,1971.4285714285713
1778,738182,1975.0
1779,792583,1973.75
1780,333175,1957.5
1781,135543,1985.0
1782,490620,1990.0
1783,807026,1983.3333333333333
1784,753685,1967.391304347826
1785,750970,1985.0
1786,190012,2000.0
1787,896965,1970.0
1788,1043986,1977.5
1789,121459,1963.3333333333333
1790,178889,1969.375
1791,11910,1986.6666666666667
1792,96744,1978.5714285714287
1793,819983,1981.764705882353
1794,359494,1968.235294117647
1795,489606,1980.0
1796,298764,1990.0
1797,372322,1992.5
1798,754055,1990.0
1799,924508,1989.090909090909
1800,87597,1978.888888888889
1801,302765,1976.6666666666667
1802,179126,1985.0
1803,848952,1955.0
1804,334644,1972.857142857143
1805,762821,2000.0
1806,486305,1950.0
1807,630882,1962.5
1808,402872,1973.448275862069
1809,111934,1942.5
1810,668922,1987.5
1811,930204,1986.875
1812,749272,1940.0
1813,66869,1995.0
1814,765302,2000.0
1815,790509,1994.0
1816,246628,1965.0
1817,116178,1985.4545454545455
1818,33580,1988.3333333333333
1819,169526,1986.6666666666667
1820,251925,1980.0
1821,334101,1975.0
1822,918400,1988.75
1823,13511,1956.923076923077
1824,85915,1988.695652173913
1825,132579,1973.75
1826,847880,1970.0
1827,235169,1990.0
1828,655547,1990.0
1829,772191,1975.0
1830,405903,1984.0
1831,462110,1990.0
1832,475431,1990.0
1833,752770,2000.0
1834,46184,1950.0
1835,140521,1950.0
1836,76561,1990.0
1837,811897,1988.5714285714287
1838,160054,1980.0
1839,210425,1983.0
1840,591048,1988.0
1841,51909,1984.2857142857142
1842,945196,1988.5714285714287
1843,31441,1980.0
1844,245489,1983.3333333333333
1845,324854,1981.6666666666667
1846,343940,1959.090909090909
1847,489845,1952.857142857143
1848,891575,1988.75
1849,107090,1981.6666666666667
1850,407300,1970.0
1851,562030,1967.5
1852,885875,1976.6666666666667
1853,186125,1990.0
1854,196690,1991.4285714285713
1855,351227,1992.5
1856,359613,1990.0
1857,399659,1991.25
1858,939565,1990.0
1859,66395,1972.857142857143
1860,85448,1970.909090909091
1861,109637,1975.0
1862,346637,1946.4705882352941
1863,147245,1950.0
1864,424292,1952.857142857143
1865,558596,1950.0
1866,149946,1976.6666666666667
1867,34094,1971.8181818181818
1868,94658,1988.0
1869,576839,1988.888888888889
1870,764636,1986.6666666666667
1871,182884,1991.6666666666667
1872,24568,1970.7692307692307
1873,90188,1980.0
1874,67900,1970.0
1875,110341,1971.111111111111
1876,406575,1970.0
1877,536275,1976.25
1878,593930,1966.0
1879,236287,1990.0
1880,240081,1979.090909090909
1881,288904,1991.6666666666667
1882,780005,2002.0
1883,169228,2000.0
1884,197460,2000.0
1885,402351,2001.6666666666667
1886,887638,1985.0
1887,130028,1984.5
1888,8549,1997.142857142857
1889,40230,1995.0
1890,803009,1997.3684210526317
1891,21578,1993.3333333333333
1892,109421,1990.0
1893,366164,1983.076923076923
1894,402249,1999.3333333333333
1895,488859,1987.5
1896,200882,1960.0
1897,582253,1976.6666666666667
1898,73605,1965.0
1899,477523,1974.2857142857142
1900,828768,1968.75
1901,125561,1996.6666666666667
1902,376422,2000.0
1903,359179,1985.0
1904,788569,1980.0
1905,22348,1995.7142857142858
1906,234647,2000.0
1907,305468,1990.0
1908,932665,1994.5454545454545
1909,1878899,2000.0
1910,99888,1970.0
1911,151979,1983.6363636363637
1912,181321,1970.0
1913,479113,1976.0
1914,683085,1974.2857142857142
1915,890799,1970.0
1916,36402,1950.0
1917,606283,1986.6666666666667
1918,860080,1996.0
1919,664194,1955.5555555555557
1920,201297,1990.0
1921,822910,1980.0
1922,203711,1991.6666666666667
1923,680374,1990.0
1924,194036,1976.6666666666667
1925,463435,1973.3333333333333
1926,1908947,1980.0
1927,403184,1986.6666666666667
1928,760977,1980.0
1929,583935,1950.0
1930,1266,1963.3333333333333
1931,742673,1970.0
1932,94890,1984.2857142857142
1933,120060,1987.7777777777778
1934,414016,1990.0
1935,503279,1960.0
1936,686560,1990.0
1937,518313,1987.5
1938,660507,1984.8148148148148
1939,829125,1980.0
1940,590483,1996.0
1941,165736,1972.0
1942,186734,1961.111111111111
1943,150530,1990.0
1944,232480,1975.0
1945,787757,1976.25
1946,441,1990.0
1947,154417,1990.0
1948,172041,1980.0
1949,490738,1996.3636363636363
1950,578999,1996.6666666666667
1951,681956,1990.0
1952,780258,1999.1304347826087
1953,669473,1977.5
1954,495455,1990.0
1955,988529,1990.0
1956,568071,1985.3846153846155
1957,135378,1964.0
1958,952794,1957.5
1959,746731,1993.0
1960,790667,1990.0
1961,898188,1990.0
1962,496487,1991.25
1963,337856,1963.75
1964,947816,1960.0
1965,133832,1948.75
1966,228087,1950.0
1967,768027,1960.0
1968,889449,1960.0
1969,338179,1980.0
1970,83859,1991.25
1971,184637,1995.0
1972,611007,2000.0
1973,785773,1988.0
1974,480108,1992.5
1975,503602,1994.0
1976,504815,1995.0
1977,610346,1992.5
1978,949619,1976.6666666666667
1979,118493,1960.0
1980,188843,1956.6666666666667
1981,219021,1957.142857142857
1982,219243,1963.3333333333333
1983,292559,1968.3333333333333
1984,931086,1979.5238095238096
1985,35338,1990.0
1986,51736,1975.0
1987,40922,1990.0
1988,93566,1992.0
1989,149840,1995.7142857142858
1990,167386,1985.0
1991,266534,1992.7272727272727
1992,328288,1977.0
1993,491996,1960.0
1994,753094,1960.4545454545455
1995,898331,1950.5882352941176
1996,829643,1958.3333333333333
1997,310455,1990.0
1998,802464,1996.0
1999,67406,1975.0
2000,751256,1990.0
2001,893383,1994.2857142857142
2002,169317,1980.0
2003,89018,1993.3333333333333
2004,651187,2000.0
2005,244073,1993.3333333333333
2006,172772,1950.0
2007,201022,1950.0
2008,338887,1950.0
2009,509367,1950.0
2010,589630,1998.5714285714287
2011,592595,2000.0
2012,812711,2002.0
2013,377891,1970.0
2014,611881,1972.857142857143
2015,835648,1972.7272727272727
2016,296601,1990.0
2017,385879,1990.0
2018,662642,1990.0
2019,956093,1990.0
2020,97173,1986.0
2021,315142,1980.0
2022,36310,1990.0
2023,67631,1995.2631578947369
2024,215041,2000.0
2025,296024,1983.076923076923
2026,779209,1975.0
2027,61637,1997.5
2028,256831,1960.0
2029,580485,1975.0
2030,44068,1987.142857142857
2031,281564,1990.0
2032,391285,1990.0
2033,393257,1990.0
2034,225389,1941.6666666666667
2035,634674,1943.3333333333333
2036,244537,1992.5
2037,275757,2003.0
2038,782191,1991.6666666666667
2039,255887,1985.0
2040,424117,1980.0
2041,193025,1990.0
2042,330453,1990.0
2043,209773,1965.0
2044,299277,1970.0
2045,1340026,1990.0
2046,607967,1960.0
2047,766066,1975.0
2048,778363,1960.0
2049,832341,1960.0
2050,774956,1956.6666666666667
2051,58361,1960.0
2052,664883,1960.0
2053,677842,1983.3333333333333
2054,1211412,1980.0
2055,855356,1980.0
2056,211483,1972.5
2057,258090,1966.0
2058,275832,1968.0
2059,585092,1993.3333333333333
2060,745316,1984.4444444444443
2061,747984,1967.5
2062,951384,1962.5
2063,27136,1990.0
2064,791318,1972.857142857143
2065,145086,1973.3333333333333
2066,891032,1990.909090909091
2067,496525,1965.625
2068,924232,1970.0
2069,315339,1988.0
2070,358641,1996.6666666666667
2071,803544,1991.6666666666667
2072,29808,1993.0
2073,771419,1990.0
2074,68934,1982.5
2075,387720,1992.5
2076,741525,1990.0
2077,961133,1991.6666666666667
2078,569644,1967.5
2079,290502,1993.076923076923
2080,665860,1996.6666666666667
2081,62002,1975.0
2082,30928,1997.142857142857
2083,303506,2002.0
2084,312890,2001.3636363636363
2085,516929,1997.7777777777778
2086,70534,1982.2222222222222
2087,824219,1966.6666666666667
2088,77662,1950.0
2089,122023,1975.0
2090,321321,1975.0
2091,303050,1961.304347826087
2092,481354,1990.0
2093,493848,1993.75
2094,584257,1990.0
2095,205520,1990.0
2096,480830,1991.0
2097,664618,1990.0
2098,788582,1992.0
2099,216846,1994.5454545454545
2100,401287,1995.0
2101,788937,1982.0
2102,869409,1975.0
2103,239655,1993.75
2104,792051,1990.0
2105,922811,1990.0
2106,148305,1988.75
2107,251361,1990.0
2108,520033,1993.3333333333333
2109,797147,1985.0
2110,418662,1988.1818181818182
2111,753617,1973.75
2112,806168,1992.5
2113,26367,1993.3333333333333
2114,758999,1997.5
2115,588943,1973.3333333333333
2116,164750,1985.0
2117,493412,1995.0
2118,768010,1960.0
2119,95613,1982.5
2120,191699,1986.25
2121,792733,1994.4444444444443
2122,884449,1995.0
2123,741380,1993.3333333333333
2124,776576,1990.0
2125,954694,1937.7777777777778
2126,78191,1990.0
2127,617336,1990.0
2128,347639,1980.0
2129,226331,1962.0
2130,450700,1960.0
2131,181329,1980.0
2132,32193,1967.5
2133,317108,1980.0
2134,625201,1990.0
2135,756291,1982.0
2136,533117,1978.5714285714287
2137,596451,1995.0
2138,667669,1998.8461538461538
2139,674887,1986.9565217391305
2140,958839,1990.0
2141,500298,2000.0
2142,46460,1953.3333333333333
2143,667556,1950.0
2144,359559,1990.0
2145,355451,1967.142857142857
2146,310383,1955.625
2147,821590,1980.0
2148,123345,1940.0
2149,210757,1940.0
2150,316340,1950.0
2151,299882,1976.0
2152,80657,1952.0
2153,816895,1950.0
2154,366407,1984.6153846153845
2155,475362,1994.2857142857142
2156,570046,2000.0
2157,809446,1987.5
2158,833782,1991.0
2159,30431,1990.0
2160,191680,1965.0
2161,141256,1952.857142857143
2162,296402,1958.3333333333333
2163,214593,1996.6666666666667
2164,221844,1990.0
2165,675710,1990.0
2166,687561,1992.857142857143
2167,790604,1982.5
2168,829122,1988.3333333333333
2169,647796,1989.090909090909
2170,753706,1999.090909090909
2171,809334,1970.0
2172,197532,1942.5
2173,615026,1982.5
2174,919525,1988.888888888889
2175,94126,1992.857142857143
2176,25047,1970.0
2177,576718,1990.0
2178,672498,1992.5
2179,757157,1986.0
2180,742980,1990.0
2181,746407,1990.0
2182,255733,1960.0
2183,234844,1990.0
2184,58386,1985.7142857142858
2185,187413,1990.0
2186,197364,1991.25
2187,239638,1975.7142857142858
2188,389213,1990.0
2189,837215,1992.142857142857
2190,866841,1978.3333333333333
2191,167361,1998.0
2192,340152,1992.5
2193,259240,2000.0
2194,623518,1983.3333333333333
2195,814340,2000.0
2196,560208,1986.111111111111
2197,575695,1992.0
2198,257141,1991.6666666666667
2199,32971,1993.3333333333333
2200,190531,1990.0
2201,237517,1972.857142857143
2202,268990,1990.0
2203,683065,1963.3333333333333
2204,933883,1990.0
2205,359199,1952.0
2206,768149,1950.0
2207,101776,1962.5
2208,333573,1981.6666666666667
2209,755570,1980.0
2210,755792,1990.0
2211,135391,1953.75
2212,609966,1946.6666666666667
2213,62729,1965.0
2214,167399,1980.0
2215,805332,1960.0
2216,358532,1970.0
2217,275130,1985.0
2218,831236,1991.4285714285713
2219,146354,1985.0
2220,214546,1980.0
2221,743966,1994.0
2222,818593,1970.0
2223,57124,1960.0
2224,259270,1986.6666666666667
2225,591902,1985.0
2226,762652,1980.0
2227,826660,1985.0
2228,296487,1973.3333333333333
2229,75801,1990.0
2230,350585,1990.0
2231,48908,1972.0
2232,4451,1990.0
2233,45077,1981.4285714285713
2234,221603,1960.0
2235,234488,1974.5454545454545
2236,269172,1963.3333333333333
2237,788568,1965.0
2238,695019,1990.0
2239,796166,1972.2222222222222
2240,887719,1986.0
2241,692251,1960.0
2242,898828,1968.888888888889
2243,622379,1980.0
2244,767095,1970.0
2245,189701,1962.5
2246,958076,1950.0
2247,498987,1994.0
2248,642796,1980.0
2249,781932,1973.5294117647059
2250,102985,1981.875
2251,240252,1983.0
2252,165068,2000.0
2253,502371,1994.0
2254,149173,1995.0
2255,786245,1990.0
2256,194039,1995.0
2257,760154,1978.888888888889
2258,17877,1992.3076923076924
2259,808198,1963.3333333333333
2260,661974,1950.0
2261,25899,1990.0
2262,661525,1985.5555555555557
2263,793821,1987.0
2264,820999,1960.0
2265,197040,1946.6666666666667
2266,7729,1970.0
2267,861687,2006.0
2268,57188,1965.0
2269,81683,1977.142857142857
2270,230667,1990.0
2271,34172,1988.4615384615386
2272,294197,1993.3333333333333
2273,597965,1992.0
2274,138837,1950.0
2275,873886,1962.857142857143
2276,56913,1963.3333333333333
2277,746010,1965.7142857142858
2278,390532,1983.3333333333333
2279,17387,1996.6666666666667
2280,51233,1950.0
2281,300013,1950.0
2282,64199,1971.0
2283,667020,1980.0
2284,683795,1986.0
2285,271029,1971.25
2286,60476,1970.0
2287,141681,1988.0
2288,193963,1992.5
2289,251604,1985.0
2290,299776,1995.0
2291,355616,2000.0
2292,770007,1982.5
2293,778906,1995.0
2294,799100,1995.0
2295,806740,2000.0
2296,815090,1990.0
2297,93632,1980.0
2298,609396,1977.5
2299,750456,1970.0
2300,184811,1993.3333333333333
2301,163198,1960.0
2302,287860,1985.0
2303,91122,1990.0
2304,253232,1990.0
2305,351842,1970.0
2306,492162,1994.2857142857142
2307,799348,1990.0
2308,807949,1990.0
2309,869417,1990.0
2310,633079,1980.0
2311,40501,1995.0
2312,497760,1975.0
2313,20403,1950.0
2314,398259,1985.7142857142858
2315,2825814,1970.0
2316,485991,1990.0
2317,87179,1985.0
2318,467382,1993.3333333333333
2319,746182,1995.0
2320,902138,1984.0
2321,2252,1970.0
2322,933568,1970.0
2323,6320,1981.25
2324,762921,1950.0
2325,203695,1997.5
2326,83194,1995.0
2327,186805,2000.0
2328,251491,1987.5
2329,508443,1990.0
2330,383889,1994.5454545454545
2331,758630,1995.0
2332,138271,1994.0
2333,158656,2000.0
2334,251033,1990.0
2335,664346,1996.0
2336,104388,1975.0
2337,414889,1987.5
2338,280445,1960.0
2339,300534,1956.25
2340,330634,1968.888888888889
2341,624504,1965.0
2342,165294,1990.0
2343,225948,1986.6666666666667
2344,204714,1955.7142857142858
2345,175087,1958.3333333333333
2346,204968,1970.0
2347,674310,1970.0
2348,110541,1979.090909090909
2349,202033,1970.0
2350,461737,1970.0
2351,522377,1989.5652173913043
2352,11242,1950.0
2353,184814,1955.7142857142858
2354,198901,1958.5
2355,516706,1955.0
2356,665908,2001.4285714285713
2357,343954,1984.7058823529412
2358,75665,1960.0
2359,153526,1967.857142857143
2360,188342,1976.6666666666667
2361,238506,1963.3333333333333
2362,781423,1965.0
2363,35697,1980.0
2364,401114,1980.0
2365,255770,1955.0
2366,183139,1987.5
2367,680065,1990.0
2368,121318,1975.0
2369,254556,1960.0
2370,239827,2006.0
2371,173487,1980.0
2372,320426,1980.0
2373,421315,1982.5
2374,137137,1953.3333333333333
2375,275386,1990.0
2376,159312,1995.0
2377,344729,1996.6666666666667
2378,942624,1990.0
2379,793022,1981.0
2380,3627,1982.5
2381,90011,1990.0
2382,836313,1980.0
2383,866417,1990.0
2384,940831,1988.5714285714287
2385,480086,1997.142857142857
2386,52151,1980.0
2387,101164,1990.0
2388,919598,1986.0
2389,401066,1955.0
2390,467749,1950.0
2391,930722,1950.0
2392,776371,1990.0
2393,152228,1986.6666666666667
2394,399437,1990.0
2395,474648,1968.0
2396,249303,1983.3333333333333
2397,314372,1990.0
2398,235881,1953.3333333333333
2399,753237,1990.0
2400,282766,1990.0
2401,489209,1983.6363636363637
2402,610339,1990.0
2403,687933,1987.5
2404,352999,1980.0
2405,21292,1988.3333333333333
2406,118189,1995.0
2407,77698,1936.6666666666667
2408,943827,1996.25
2409,112204,1980.0
2410,167220,1980.0
2411,511041,1990.0
2412,287350,1990.0
2413,165345,1990.0
2414,648407,1985.0
2415,689367,1987.142857142857
2416,608166,1940.0
2417,633078,1994.4444444444443
2418,574057,1977.5
2419,46381,1990.0
2420,898275,1994.0
2421,5307,2003.3333333333333
2422,132849,1990.0
2423,108124,1980.0
2424,301404,1995.0
2425,392553,1990.0
2426,143951,1963.3333333333333
2427,220946,1960.0
2428,248916,1970.0
2429,228714,1960.0
2430,1097,1980.0
2431,258882,1985.0
2432,271113,1981.0
2433,449578,1980.0
2434,673486,1990.0
2435,944105,1980.0
2436,262794,1990.0
2437,947563,1990.0
2438,240923,1988.3333333333333
2439,73383,1982.0
2440,12877,1970.0
2441,588112,1970.0
2442,163570,1992.5
2443,414745,1991.6666666666667
2444,838414,1985.0
2445,590265,1967.5
2446,247545,1987.5
2447,409670,1987.7777777777778
2448,352524,1960.0
2449,487535,1980.0
2450,97786,2000.0
2451,282800,1992.3529411764705
2452,636394,1993.3333333333333
2453,850693,1996.0
2454,489207,1976.6666666666667
2455,824866,1970.0
2456,763341,1950.0
2457,156938,2000.0
2458,190235,1990.0
2459,127451,1971.0
2460,96576,2000.0
2461,324646,1998.75
2462,475980,1996.6666666666667
2463,863102,1999.1666666666667
2464,212129,1950.0
2465,492663,1955.0
2466,758194,1975.3846153846155
2467,339905,1982.5
2468,767129,1950.0
2469,958768,1986.6666666666667
2470,31022,1975.0
2471,771269,1985.0
2472,170330,1953.3333333333333
2473,959775,1950.0
2474,298225,1990.0
2475,781350,1990.0
2476,787702,1990.0
2477,99449,2000.0
2478,221894,1973.75
2479,646353,1951.0
2480,97491,1990.0
2481,261087,1990.0
2482,363100,1990.0
2483,786360,1985.0
2484,78242,1964.2857142857142
2485,131178,1960.0
2486,639697,1960.0
2487,804706,1955.0
2488,222974,1988.0
2489,654543,1990.0
2490,924780,1994.0
2491,324819,1973.3333333333333
2492,125528,1990.0
2493,139741,1987.7777777777778
2494,797670,1990.0
2495,243812,1987.142857142857
2496,411830,1990.0
2497,918600,1985.0
2498,948061,1985.7142857142858
2499,87922,2000.0
2500,771792,2000.0
2501,685751,1958.0
2502,769876,1960.0
2503,337119,1986.25
2504,412134,1967.5
2505,1292549,1966.6666666666667
2506,185810,1980.0
2507,611929,1990.0
2508,947576,1990.0
2509,784766,1987.5
2510,165162,1975.0
2511,943268,1975.0
2512,933809,1985.0
2513,142767,1970.0
2514,216294,1970.0
2515,424302,1970.0
2516,491786,1970.0
2517,279141,1964.2105263157894
2518,319945,1990.0
2519,524050,1978.1818181818182
2520,230784,1976.6666666666667
2521,800332,1975.0
2522,823482,1970.0
2523,893111,1966.6666666666667
2524,370703,1994.0
2525,785357,2000.0
2526,64954,1980.0
2527,516202,1980.0
2528,532487,1970.0
2529,177588,1970.0
2530,187162,1981.4285714285713
2531,834466,1976.0
2532,791480,1986.0
2533,837985,1990.0
2534,825387,1992.5
2535,48587,1990.0
2536,5501,1994.2857142857142
2537,329883,1990.0
2538,131038,2000.0
2539,798113,1990.0
2540,308762,1970.0
2541,26193,2000.0
2542,846092,1956.6666666666667
2543,849246,1962.5
2544,668127,1990.0
2545,756772,1982.5
2546,636106,1971.4285714285713
2547,264350,1995.0
2548,50034,1986.0
2549,67539,1960.0
2550,179698,1978.0
2551,12644,1974.2857142857142
2552,636382,1975.0
2553,848572,1973.3333333333333
2554,366889,1935.0
2555,673360,1937.0
2556,954646,1935.0
2557,36645,1980.0
2558,46345,1985.0
2559,945269,1981.111111111111
2560,759668,1980.0
2561,684920,1984.0
2562,401166,1980.0
2563,46784,1976.6666666666667
2564,505047,1952.0
2565,776301,1962.5
2566,118853,1966.0
2567,128290,1981.6666666666667
2568,185155,1990.0
2569,193802,1960.0
2570,171994,1965.0
2571,133719,1997.0
2572,35464,1996.6666666666667
2573,118664,1986.0
2574,31324,1980.0
2575,149166,1965.0
2576,249420,1960.0
2577,16448,1962.5
2578,202187,1970.0
2579,77560,1965.0
2580,57840,1965.0
2581,144349,1970.0
2582,185669,1970.0
2583,194063,1998.0
2584,37794,1975.0
2585,61273,1982.5
2586,686577,1972.857142857143
2587,216348,1973.3333333333333
2588,220312,1960.0
2589,267411,1960.0
2590,274520,1960.0
2591,300659,1970.0
2592,30925,1982.5
2593,807028,1990.0
2594,3669,1990.0
2595,988655,1997.5
2596,882950,1952.5
2597,212200,1965.7142857142858
2598,792018,1992.5
2599,796736,1972.5
2600,195305,1975.0
2601,655273,1968.0
2602,929776,1996.6666666666667
2603,830028,1961.6666666666667
2604,151469,1955.7142857142858
2605,575379,1990.0
2606,186096,1985.7142857142858
2607,255347,1990.0
2608,420504,1990.0
2609,957340,1990.0
2610,621959,2000.0
2611,696668,2000.0
2612,801615,2000.0
2613,743760,1983.3333333333333
2614,477954,1975.0
2615,118384,1995.0
2616,306446,1983.3333333333333
2617,806507,1976.6666666666667
2618,296815,1996.6666666666667
2619,86826,1982.5
2620,99104,1997.5
2621,391003,2000.0
2622,768231,2000.0
2623,946563,1996.6666666666667
2624,120615,1955.0
2625,126048,1975.0
2626,601079,1982.857142857143
2627,121157,1963.3333333333333
2628,738674,1970.0
2629,81079,1990.0
2630,142208,1987.5
2631,253734,1990.0
2632,258741,1995.0
2633,314505,1991.4285714285713
2634,2130,1948.3333333333333
2635,256575,1955.0
2636,255210,1997.5
2637,392299,1992.2222222222222
2638,884686,1998.0
2639,502351,1950.0
2640,674163,1950.0
2641,75329,1990.0
2642,169239,1997.5
2643,216986,1990.0
2644,302774,1990.0
2645,304102,1997.5
2646,341652,1970.0
2647,206538,1963.3333333333333
2648,335302,1990.0
2649,863774,1990.0
2650,808212,1998.0
2651,254215,1996.6666666666667
2652,280960,1995.0
2653,381371,1995.0
2654,1606776,2000.0
2655,117064,1966.25
2656,166383,1970.0
2657,126782,1992.5
2658,660053,1992.5
2659,775323,1990.0
2660,178645,1990.0
2661,838875,1990.0
2662,574143,1990.0
2663,897783,1970.0
2664,352294,1950.0
2665,380259,1950.0
2666,781732,1980.0
2667,300035,1990.0
2668,125822,1990.0
2669,217963,1950.0
2670,93849,1970.0
2671,129637,1980.6666666666667
2672,66800,1950.0
2673,116087,1995.0
2674,45475,1985.0
2675,400279,1984.0
2676,927650,1995.0
2677,211570,1996.6666666666667
2678,245133,1976.6666666666667
2679,245292,1983.3333333333333
2680,852842,1980.0
2681,761064,1960.0
2682,771470,1980.0
2683,13377,1980.0
2684,644880,1980.0
2685,752673,1990.0
2686,950441,1990.0
2687,504169,1952.5
2688,511029,1938.3333333333333
2689,765900,1980.0
2690,65094,1950.0
2691,828507,1955.0
2692,5980,1986.0
2693,597875,1970.0
2694,775406,1990.0
2695,551465,1992.0
2696,621423,1990.0
2697,808336,2000.0
2698,951375,1990.0
2699,290853,1993.3333333333333
2700,1233067,1970.0
2701,98278,1960.0
2702,269390,1953.3333333333333
2703,751623,1982.0
2704,62270,1960.0
2705,186390,1960.0
2706,620578,1960.0
2707,241004,1990.0
2708,769109,1990.0
2709,287092,1987.5
2710,123515,1990.0
2711,524522,1999.090909090909
2712,649435,1994.0
2713,480472,1970.0
2714,567374,1970.0
2715,296802,1997.5
2716,926237,1994.0
2717,936095,1994.0
2718,790078,1982.5
2719,99198,1960.0
2720,763551,1955.0
2721,279097,1960.0
2722,783909,1960.0
2723,326096,1950.0
2724,742166,1968.0
2725,107227,1990.0
2726,852810,1996.6666666666667
2727,855780,1985.0
2728,491802,1990.0
2729,762177,1986.25
2730,109669,1970.0
2731,746387,1996.6666666666667
2732,194743,1965.0
2733,511773,1965.0
2734,950571,1940.0
2735,126862,1980.0
2736,426564,1980.0
2737,487534,1980.0
2738,651796,1980.0
2739,674161,1988.0
2740,737886,1993.3333333333333
2741,753507,1980.0
2742,796439,1988.5714285714287
2743,102781,1960.0
2744,765435,1955.0
2745,300583,1990.0
2746,80118,1982.2222222222222
2747,41431,1986.0
2748,118128,1980.0
2749,90079,1995.0
2750,831708,1990.0
2751,833631,1985.0
2752,221445,1998.3333333333333
2753,77732,1965.0
2754,25394,1986.6666666666667
2755,663455,1980.0
2756,263852,1960.0
2757,781399,1960.0
2758,147316,1995.0
2759,25857,1985.0
2760,287407,1993.3333333333333
2761,673933,1996.25
2762,933898,2000.0
2763,100116,1986.6666666666667
2764,276381,1991.4285714285713
2765,122252,1990.0
2766,540010,1980.0
2767,62860,1995.0
2768,316611,2000.0
2769,574102,1999.3333333333333
2770,47134,1986.6666666666667
2771,127766,1980.0
2772,568368,1970.0
2773,614982,1980.0
2774,813485,1938.75
2775,380235,1985.0
2776,20862,1983.3333333333333
2777,580058,1993.3333333333333
2778,373592,2000.0
2779,662797,2001.4285714285713
2780,828740,1952.5
2781,828756,1955.0
2782,669303,1980.0
2783,639789,1948.0
2784,919846,1980.0
2785,168993,1970.0
2786,166291,1996.6666666666667
2787,1055285,2002.857142857143
2788,88035,2000.0
2789,333447,1990.0
2790,322279,1930.0
2791,354189,1970.0
2792,69402,1974.0
2793,647834,1996.6666666666667
2794,198302,1987.5
2795,931567,1950.0
2796,807068,2000.0
2797,59699,1960.0
2798,40695,1940.0
2799,369389,1940.0
2800,51740,1986.6666666666667
2801,333539,1998.0
2802,672269,2000.0
2803,851639,1986.6666666666667
2804,861757,2000.0
2805,293897,1990.0
2806,795841,1990.0
2807,3099573,1990.0
2808,123754,2000.0
2809,459616,1990.0
2810,585896,2000.0
2811,1006765,1986.6666666666667
2812,33666,1990.0
2813,219655,1980.0
2814,2273,1975.0
2815,11028,1955.0
2816,6310,1995.0
2817,208997,1970.0
2818,650525,1970.0
2819,108446,1986.6666666666667
2820,894831,1983.3333333333333
2821,20760,1995.0
2822,248920,1998.3333333333333
2823,32433,1995.0
2824,199090,2000.0
2825,951374,2000.0
2826,139709,1970.0
2827,679219,1985.0
2828,341672,2003.0
2829,956268,1990.0
2830,987922,1995.0
2831,96142,1985.0
2832,38291,2000.0
2833,111963,1995.0
2834,608135,2000.0
2835,198922,1956.6666666666667
2836,320442,1960.0
2837,82037,1940.0
2838,18137,1960.0
2839,58360,1970.0
2840,179335,1984.0
2841,37865,1976.6666666666667
2842,91879,1963.3333333333333
2843,108554,1970.0
2844,248452,1960.0
2845,565634,1977.0
2846,903009,1975.0
2847,97949,1960.0
2848,90169,1970.0
2849,900349,1970.0
2850,803752,1960.0
2851,163577,1990.0
2852,367417,1980.0
2853,77306,1970.0
2854,144538,1973.3333333333333
2855,247824,1980.0
2856,59503,1970.0
2857,29609,1950.0
2858,639056,1993.6363636363637
2859,757335,1980.0
2860,757177,1990.0
2861,923801,1960.0
2862,194380,1975.0
2863,468632,1985.0
2864,822874,1975.0
2865,268161,1990.0
2866,741731,1990.0
2867,227697,2000.0
2868,482572,1960.0
2869,605965,1970.0
2870,783025,1930.0
2871,927373,1983.3333333333333
2872,288830,1980.0
2873,170879,2000.0
2874,670226,2001.25
2875,800926,1983.3333333333333
2876,217792,1970.0
2877,773407,1960.0
2878,25778,1986.6666666666667
2879,746915,1990.0
2880,597736,1995.5555555555557
2881,80649,2002.0
2882,216212,2000.0
2883,918569,2000.0
2884,158849,1995.0
2885,759998,1990.0
2886,130036,1977.5
2887,133528,1965.0
2888,57497,2000.0
2889,355412,1997.0
2890,921384,1960.0
2891,793664,1994.0
2892,665944,1960.0
2893,786080,1970.0
2894,583723,1946.6666666666667
2895,818366,1950.0
2896,28002,1998.0
2897,178799,2000.0
2898,923323,1996.6666666666667
2899,82639,1985.0
2900,555695,1975.0
2901,801762,1960.0
2902,273105,1974.0
2903,128266,1980.0
2904,185440,1995.0
2905,1431398,1990.0
2906,894664,1960.0
2907,355555,1986.6666666666667
2908,856451,1980.0
2909,168110,2000.0
2910,289599,2000.0
2911,577261,1950.0
2912,314346,1946.6666666666667
2913,10982,1990.0
2914,75394,1985.7142857142858
2915,843106,1960.0
2916,169578,1985.0
2917,468911,1990.0
2918,685031,1990.0
2919,49367,1975.0
2920,234374,1970.0
2921,168256,2002.5
2922,642427,1950.0
2923,46727,1970.0
2924,274822,1967.5
2925,250976,1991.4285714285713
2926,81231,1966.6666666666667
2927,213510,1967.5
2928,627250,1963.3333333333333
2929,261332,1930.0
2930,600640,1995.0
2931,620603,1990.0
2932,614455,1996.6666666666667
2933,677352,1995.0
2934,354883,2000.0
2935,574119,2000.0
2936,371879,1980.0
2937,19435,1954.0
2938,587608,1981.25
2939,948333,1980.0
2940,143749,1990.0
2941,98944,1980.0
2942,147082,1985.0
2943,688515,2000.0
2944,765773,1940.0
2945,285693,1980.0
2946,7305,1980.0
2947,405522,1977.5
2948,502978,1990.0
2949,762990,1960.0
2950,130402,1970.0
2951,887718,1970.0
2952,391519,1970.0
2953,403454,1980.0
2954,681154,2000.0
2955,762885,2000.0
2956,804431,2002.5
2957,761179,2005.0
2958,790797,2000.0
2959,132940,1960.0
2960,196544,1950.0
2961,163835,1950.0
2962,1839912,2000.0
2963,26825,2000.0
2964,364861,1990.0
2965,151549,1990.0
2966,194246,1996.6666666666667
2967,365542,1990.0
2968,785101,1994.4444444444443
2969,385180,1985.0
2970,747243,1990.0
2971,406733,1973.3333333333333
2972,333181,1960.0
2973,406898,1960.0
2974,574483,1980.0
2975,184471,1994.0
2976,105129,1994.1666666666667
2977,120412,1990.0
2978,745568,1990.0
2979,806991,1960.0
2980,153915,1990.0
2981,796281,1990.0
2982,104314,2000.0
2983,147294,2000.0
2984,674262,2000.0
2985,123363,1996.6666666666667
2986,142249,1995.5555555555557
2987,147771,2000.0
2988,199917,2000.0
2989,611104,2000.0
2990,888484,2000.0
2991,956973,2000.0
2992,388972,1990.0
2993,739041,1998.0
2994,106916,2000.0
2995,257787,2000.0
2996,610880,1993.3333333333333
2997,868174,2005.0
2998,199369,1930.0
2999,121746,2000.0
3000,221803,1997.5
3001,690718,1995.0
3002,744969,1983.3333333333333
3003,130855,1980.0
3004,222601,1985.0
3005,293391,1980.0
3006,327130,1985.0
3007,472735,1985.0
3008,593129,1980.0
3009,745071,1986.0
3010,836017,1980.0
3011,921289,1980.0
3012,89305,1995.0
3013,748262,1993.3333333333333
3014,850161,1960.0
3015,16361,1963.3333333333333
3016,108265,2000.0
3017,354631,2000.0
3018,510885,1995.0
3019,180023,1993.3333333333333
3020,47246,1993.3333333333333
3021,500612,1995.0
3022,615937,2000.0
3023,898946,2000.0
3024,170228,1980.0
3025,677991,1993.3333333333333
3026,757665,1990.0
3027,740576,1960.0
3028,126903,1950.0
3029,107249,1980.0
3030,845668,1975.0
3031,387095,1993.3333333333333
3032,899223,1992.5
3033,953552,2000.0
3034,918290,1975.0
3035,242473,1965.0
3036,298766,1990.0
3037,48622,1950.0
3038,503283,1992.5
3039,763611,1974.0
3040,411745,1977.5
3041,158540,2000.0
3042,217641,2000.0
3043,724720,2000.0
3044,503668,1960.0
3045,158717,1950.0
3046,48806,2000.0
3047,487038,2002.5
3048,280692,2000.0
3049,299429,1980.0
3050,74452,1955.0
3051,802791,1970.0
3052,86927,1997.5
3053,831733,1997.5
3054,35864,2000.0
3055,496370,2000.0
3056,286530,2000.0
3057,243012,1980.0
3058,836394,2005.0
3059,854854,2005.0
3060,20740,2000.0
3061,52736,1960.0
3062,106514,1960.0
3063,206465,1988.3333333333333
3064,484607,1990.0
3065,132095,1980.0
3066,1518379,1980.0
3067,921598,1990.0
3068,8245,1960.0
3069,137401,1960.0
3070,562663,1960.0
3071,251210,1950.0
3072,883345,1950.0
3073,329232,1998.3333333333333
3074,480956,1990.0
3075,104147,1970.0
3076,409337,1955.0
3077,421122,1957.5
3078,490769,1950.0
3079,487663,1983.3333333333333
3080,796957,1970.0
3081,639621,1990.0
3082,778959,1990.0
3083,795054,1990.0
3084,952834,1990.0
3085,289629,1970.0
3086,755496,1995.0
3087,746068,1978.888888888889
3088,502774,1970.0
3089,806822,1965.0
3090,897322,1980.0
3091,342691,1980.0
3092,648097,1990.0
3093,607094,1990.0
3094,810592,1990.0
3095,222959,1990.0
3096,6613,1990.0
3097,159406,1975.0
3098,606043,1990.0
3099,145543,1930.0
3100,1777836,1980.0
3101,944933,1980.0
3102,26350,1950.0
3103,920117,1970.0
3104,153503,1965.0
3105,694411,1990.0
3106,20319,1980.0
3107,938878,1980.0
3108,74857,1960.0
3109,322642,1983.3333333333333
3110,840289,1990.0
3111,408531,1950.0
3112,961152,1990.0
3113,109274,1950.0
3114,927795,2000.0
3115,760389,1985.0
3116,796914,1980.0
3117,545534,1996.6666666666667
3118,752303,1995.0
3119,854203,1990.0
3120,12128,1992.5
3121,818254,1980.0
3122,847970,2000.0
3123,166767,1963.3333333333333
3124,278644,2000.0
3125,569119,2000.0
3126,840215,1995.0
3127,647670,1990.0
3128,359026,1996.6666666666667
3129,617536,2000.0
3130,42589,2000.0
3131,620056,2001.4285714285713
3132,1113,2000.0
3133,201983,2002.0
3134,537444,2005.0
3135,2006721,2000.0
3136,754219,1960.0
3137,38805,2000.0
3138,845662,2002.0
3139,490860,2000.0
3140,749571,2000.0
3141,49797,1983.3333333333333
3142,288154,1982.0
3143,1498,2000.0
3144,71373,2000.0
3145,297839,2000.0
3146,502989,2000.0
3147,591459,2003.3333333333333
3148,1163,1940.0
3149,224925,2000.0
3150,98819,1980.0
3151,368578,1980.0
3152,919812,1983.3333333333333
3153,198426,2000.0
3154,789514,1983.3333333333333
3155,932299,1970.0
3156,1016154,1970.0
3157,847374,2002.5
3158,949780,1996.6666666666667
3159,782631,1990.0
3160,616296,1997.5
3161,101415,2000.0
3162,597239,2000.0
3163,566984,1990.0
3164,347151,1990.0
3165,657329,1985.0
3166,21009,1990.0
3167,78758,1990.0
3168,414291,2000.0
3169,756959,2000.0
3170,759224,2000.0
3171,487012,1960.0
3172,812388,2000.0
3173,450991,2000.0
3174,117990,1970.0
3175,955009,1960.0
3176,414506,2000.0
3177,246169,2000.0
3178,753833,1993.3333333333333
3179,868616,2000.0
3180,988627,2000.0
3181,97384,2004.2857142857142
3182,520583,2000.0
3183,185383,1990.0
3184,69520,1950.0
3185,103033,1960.0
3186,811598,1960.0
3187,216586,1990.0
3188,667584,2002.5
3189,371530,1960.0
3190,796710,1960.0
3191,201958,1990.0
3192,35719,1986.6666666666667
3193,601421,1980.0
3194,178135,1990.0
3195,122037,1980.0
3196,731975,1960.0
3197,641709,1990.0
3198,118979,1990.0
3199,615304,2000.0
3200,949211,1980.0
3201,938638,1990.0
3202,492521,1990.0
3203,14263,1980.0
3204,485525,2005.0
3205,450786,2000.0
3206,928160,2005.0
3207,625278,2000.0
3208,32401,1983.3333333333333
3209,527024,1980.0
3210,315909,1942.5
3211,174132,1990.0
3212,140553,1940.0
3213,459027,1945.0
3214,6232,1990.0
3215,232598,2000.0
3216,495288,1990.0
3217,128141,2000.0
3218,921542,1995.0
3219,890724,1980.0
3220,151666,1970.0
3221,757070,1980.0
3222,813463,1980.0
3223,31606,1994.2857142857142
3224,931231,2000.0
3225,78532,1970.0
3226,479548,1970.0
3227,758920,1970.0
3228,919928,1966.6666666666667
3229,744075,1975.0
3230,803757,1990.0
3231,135059,1970.0
3232,96944,1990.0
3233,812101,1990.0
3234,1536402,1990.0
3235,103447,1990.0
3236,520215,1965.0
3237,186545,2000.0
3238,595768,2000.0
3239,412393,2000.0
3240,919853,1970.0
3241,847305,1990.0
3242,85806,1975.0
3243,143559,1980.0
3244,396154,1960.0
3245,125506,2000.0
3246,494746,2000.0
3247,159791,1960.0
3248,47401,1990.0
3249,85038,2000.0
3250,233147,2000.0
3251,169856,1966.6666666666667
3252,412710,1990.0
3253,667622,1980.0
3254,1913210,1980.0
3255,299840,1970.0
3256,787696,1980.0
3257,825032,1940.0
3258,303651,1970.0
3259,100659,2000.0
3260,424928,1950.0
3261,68898,1970.0
3262,101628,1940.0
3263,109367,1960.0
3264,16132,2005.0
3265,509156,2000.0
3266,791734,2000.0
3267,855232,2000.0
3268,48123,1990.0
3269,919603,2004.2857142857142
3270,238245,1993.3333333333333
3271,621101,2000.0
3272,755745,2000.0
3273,333903,1980.0
3274,297849,1980.0
3275,225754,1970.0
3276,193444,2000.0
3277,852665,1990.0
3278,528895,2000.0
3279,285232,1996.0
3280,514563,2002.5
3281,11970,1985.0
3282,552576,2000.0
3283,802264,1960.0
3284,40294,1990.0
3285,843259,2000.0
3286,38061,2000.0
3287,299567,2000.0
3288,944293,2000.0
3289,1312035,1990.0
3290,202344,1970.0
3291,814871,1990.0
3292,769523,1950.0
3293,395187,2000.0
3294,318085,2003.3333333333333
3295,90124,1990.0
3296,1811373,1990.0
3297,172582,2002.5
3298,322339,1975.0
3299,164686,1995.0
3300,286866,1970.0
3301,987481,1970.0
3302,574033,1990.0
3303,46214,1950.0
3304,290414,1950.0
3305,769486,1993.3333333333333
3306,107247,1970.0
3307,841950,1970.0
3308,6855,1985.0
3309,896817,1980.0
3310,312126,2000.0
3311,869487,1950.0
3312,926115,1950.0
3313,138407,1975.0
3314,925450,1970.0
3315,15158,2000.0
3316,68896,2005.0
3317,189641,1970.0
3318,955647,1970.0
3319,451183,1990.0
3320,69761,1980.0
3321,30664,1940.0
3322,831448,2000.0
3323,90945,1960.0
3324,1950198,1950.0
3325,551115,2000.0
3326,819946,2000.0
3327,277977,1950.0
3328,26952,1990.0
3329,201667,1980.0
3330,89058,1970.0
3331,230111,2000.0
3332,58934,2000.0
3333,343455,2000.0
3334,741236,2000.0
3335,886961,2000.0
3336,45560,2000.0
3337,947752,2000.0
3338,159655,2000.0
3339,175379,2000.0
3340,382565,2000.0
3341,400815,2000.0
3342,118791,2005.0
3343,178621,1990.0
3344,6143,2000.0
3345,333766,1980.0
3346,953875,1985.0
3347,552325,1930.0
3348,382734,1950.0
3349,253397,1965.0
3350,253408,1990.0
3351,618230,1990.0
3352,50520,1970.0
3353,48757,1980.0
3354,146796,1980.0
3355,787940,1990.0
3356,185543,1990.0
3357,226556,1980.0
3358,509524,1960.0
3359,308625,1980.0
3360,309068,1980.0
3361,169099,1993.3333333333333
3362,84258,1980.0
3363,591620,1940.0
3364,176332,1990.0
3365,674600,1980.0
3366,158888,1990.0
3367,919282,1980.0
3368,146551,1990.0
3369,196370,1990.0
3370,385766,1990.0
3371,200448,1990.0
3372,24113,1990.0
3373,160428,1970.0
3374,73914,1960.0
3375,69348,1990.0
3376,519715,1975.0
3377,36934,1950.0
3378,169124,1975.0
3379,199229,1950.0
3380,393031,1980.0
3381,28619,1980.0
3382,491174,2000.0
3383,6563,1960.0
3384,349180,1970.0
3385,176256,1970.0
3386,17937,1990.0
3387,295976,1990.0
3388,200777,1946.6666666666667
3389,720786,1940.0
3390,38100,1960.0
3391,331473,1970.0
3392,164189,1990.0
3393,257160,1992.5
3394,127889,2000.0
3395,86750,1960.0
3396,603036,1940.0
3397,892586,1990.0
3398,14724,1970.0
3399,753104,1970.0
3400,568622,1950.0
3401,769388,1950.0
3402,800475,1995.0
3403,960874,1990.0
3404,22875,1990.0
3405,105030,2000.0
3406,107556,2000.0
3407,313128,1985.0
3408,66276,1950.0
3409,104741,1950.0
3410,176360,1995.0
3411,476645,1960.0
3412,347451,1990.0
3413,136124,2000.0
3414,406657,1990.0
3415,290775,1960.0
3416,523661,1970.0
3417,213273,1990.0
3418,793898,1970.0
3419,125829,2000.0
3420,147481,2000.0
3421,340364,1970.0
3422,228058,1990.0
3423,358055,2000.0
3424,829033,1990.0
3425,5366,1980.0
3426,247004,1980.0
3427,248885,1980.0
3428,267435,1980.0
3429,335937,1980.0
3430,761478,1960.0
3431,337015,1950.0
3432,85445,1970.0
3433,107466,1995.0
3434,252026,1950.0
3435,214383,1980.0
3436,194578,1985.0
3437,243777,1930.0
3438,11620,1970.0
3439,120067,1970.0
3440,362922,1970.0
3441,477001,1980.0
3442,604924,1970.0
3443,74397,1993.3333333333333
3444,803162,1973.3333333333333
3445,40743,1990.0
3446,391177,1990.0
3447,548020,1990.0
3448,110564,2000.0
3449,12491,1980.0
3450,413683,1990.0
3451,754587,1980.0
3452,762618,1940.0
3453,276592,1930.0
3454,20984,1980.0
3455,166658,1990.0
3456,565521,1980.0
3457,359555,2000.0
3458,276626,1990.0
3459,609590,2000.0
3460,753422,2000.0
3461,138560,1940.0
3462,748088,1940.0
3463,754767,1940.0
3464,115544,1990.0
3465,292876,1990.0
3466,230886,1940.0
3467,584695,1950.0
3468,32807,1970.0
3469,603621,1960.0
3470,317571,1980.0
3471,125569,1990.0
3472,36975,1980.0
3473,251474,1960.0
3474,191070,1990.0
3475,332641,1970.0
3476,122381,2000.0
3477,663424,1970.0
3478,869708,1970.0
3479,656420,1990.0
3480,832507,1995.0
3481,43520,1995.0
3482,81836,2000.0
3483,620126,1970.0
3484,97395,1990.0
3485,98467,1990.0
3486,937397,1990.0
3487,178371,1990.0
3488,812480,1980.0
3489,11046,2000.0
3490,490852,1996.6666666666667
3491,746302,2000.0
3492,332536,1970.0
3493,334243,1970.0
3494,595559,1970.0
3495,855619,2000.0
3496,90018,1990.0
3497,360956,1950.0
3498,355142,2000.0
3499,857621,2005.0
3500,518252,1990.0
3501,72716,1990.0
3502,630603,1960.0
3503,85397,2004.0
3504,212810,1990.0
3505,483716,1970.0
3506,337404,1970.0
3507,17060,2000.0
3508,753868,2002.5
3509,193594,2000.0
3510,793456,1990.0
3511,49026,2000.0
3512,206658,1930.0
3513,961427,2006.6666666666667
3514,860561,2003.3333333333333
3515,159410,2000.0
3516,467444,2000.0
3517,577358,2002.5
3518,852405,1960.0
3519,48265,2000.0
3520,921359,1970.0
3521,167296,1970.0
3522,470588,1970.0
3523,778656,2000.0
3524,934243,1970.0
3525,146088,1950.0
3526,579823,2000.0
3527,185999,2000.0
3528,209517,1960.0
3529,243418,1990.0
3530,419102,2000.0
3531,670641,1930.0
3532,205627,1990.0
3533,866271,1990.0
3534,175025,1980.0
3535,307102,2000.0
3536,521674,1990.0
3537,376793,2000.0
3538,207290,2000.0
3539,890559,2000.0
3540,614933,2000.0
3541,777009,2000.0
3542,84886,2000.0
3543,508391,2000.0
3544,919418,2000.0
3545,127301,2000.0
3546,8125,2000.0
3547,31442,2000.0
3548,29604,2000.0
3549,558954,2000.0
3550,138071,2000.0
3551,664770,2000.0
3552,760214,2000.0
3553,937150,2000.0
3554,894962,2005.0
3555,808155,2000.0
3556,43572,2000.0
3557,818702,2000.0
3558,1426748,1995.0
3559,913130,2000.0
3560,478173,2005.0
3561,840708,2000.0
3562,923063,2000.0
3563,388773,2005.0
3564,487219,2000.0
3565,511257,2000.0
3566,800695,2000.0
3567,666244,2005.0
3568,14201,2000.0
3569,887513,2000.0
3570,59758,2000.0
3571,749273,1990.0
3572,807869,2000.0
3573,134761,2003.3333333333333
3574,1824831,2000.0
3575,255268,2000.0
3576,952786,2000.0
3577,627026,2007.5
3578,2717459,2010.0
3579,1409777,2000.0
3580,691371,2003.3333333333333
3581,57280,2005.0
3582,94792,2003.3333333333333
3583,367188,2008.888888888889
3584,503460,2006.6666666666667
3585,859589,2008.0
3586,994823,2003.3333333333333
3587,2124046,2005.0
3588,664272,2010.0
3589,1009342,2005.0
3590,221059,2004.0
3591,1611,1990.0
3592,919239,1990.0
3593,825883,2010.0
3594,92107,2000.0
3595,124825,2000.0
3596,812239,2000.0
3597,39828,2000.0
3598,185591,2010.0
3599,312062,2000.0
3600,710448,2000.0
3601,230963,2000.0
3602,16574,2000.0
3603,134051,2000.0
3604,380651,2000.0
3605,811395,2000.0
3606,399733,2005.0
3607,222153,2000.0
3608,258000,2006.6666666666667
3609,673752,2010.0
3610,933458,2010.0
3611,846634,2005.0
3612,469519,2010.0
3613,1589051,2010.0
3614,648106,2005.0
3615,151988,2000.0
3616,540139,2000.0
3617,868063,2000.0
3618,503242,2000.0
3619,3426,2010.0
3620,631275,2000.0
3621,497236,2000.0
3622,184677,2000.0
3623,791609,2000.0
3624,793848,2000.0
3625,2165952,2000.0
3626,717419,2002.5
3627,166505,2000.0
3628,663645,2008.3333333333333
3629,16186,2005.0
3630,681718,2000.0
3631,237773,2010.0
3632,639748,2010.0
3633,44776,2000.0
3634,386560,2005.0
3635,562850,2000.0
3636,159340,2005.0
3637,782163,2000.0
3638,863733,2000.0
3639,3214680,2000.0
3640,277572,2006.6666666666667
3641,662416,2006.6666666666667
3642,843995,2000.0
3643,923745,2000.0
3644,2960510,2000.0
3645,771838,2010.0
3646,318882,2010.0
3647,84446,2010.0
3648,109628,2010.0
3649,9218,2000.0
3650,181817,2000.0
3651,814387,2010.0
3652,3413511,2010.0
3653,233136,2000.0
3654,879144,2005.0
3655,985124,2000.0
3656,1028077,2010.0
3657,472102,2010.0
3658,331400,2010.0
3659,676818,2010.0
3660,1573712,2010.0
3661,2450537,2010.0
3662,2995948,2010.0
3663,2397780,2010.0
3664,128873,2010.0
3665,755918,2006.6666666666667
3666,46814,2010.0
3667,548397,2010.0
3668,720741,2010.0
3669,922398,2010.0
3670,1013375,2010.0
3671,468938,2010.0
3672,124248,2010.0
3673,1714462,2010.0
3674,798658,2010.0
3675,572508,2010.0
3676,854866,2010.0
3677,945951,2010.0
3678,1032082,2005.0
3679,749743,2010.0
3680,528243,2010.0
3681,990368,2010.0
3682,94861,2000.0
3683,182302,2005.0
3684,755152,2000.0
3685,896216,2000.0
3686,990366,2000.0
3687,587631,2010.0
3688,1422105,2000.0
3689,325727,2010.0
3690,793225,2010.0
3691,1029659,2010.0
3692,2063135,2010.0
3693,128143,2010.0
3694,73682,2000.0
3695,677241,2010.0
3696,219428,2010.0
3697,1717415,2000.0
3698,115554,2000.0
3699,2048033,2010.0
3700,2290007,2010.0
3701,2435745,2010.0
3702,280897,2010.0
3703,187422,2010.0
3704,987777,2010.0
3705,105462,2010.0
3706,581713,2010.0
3707,944700,2010.0
3708,996127,2010.0
3709,670734,2010.0
3710,1055021,2010.0
3711,266063,2010.0
3712,822089,2010.0
3713,2570457,2010.0
3714,736318,2010.0
3715,866215,2010.0
3716,485365,2010.0
3717,569600,2010.0
3718,780948,2010.0
3719,19740,2010.0
3720,215513,2010.0
3721,405142,2010.0
3722,619536,2010.0
3723,849405,2010.0
3724,2592086,2006.6666666666667
3725,1072350,2010.0
3726,2031918,2010.0
3727,2867436,2010.0
3728,3161008,2010.0
3729,546738,2010.0
3730,2393596,2010.0
3731,366681,2010.0
3732,178301,2010.0
3733,935739,2010.0
3734,122219,2010.0
3735,180516,2010.0
3736,130037,2010.0
3737,580300,2010.0
3738,588246,2010.0
3739,1507678,2010.0
3740,2873356,2010.0
3741,861252,2010.0
3742,1028746,2010.0
3743,1035160,2010.0
3744,2412330,2010.0
3745,2782403,2010.0
3746,2674162,2010.0
3747,479149,2000.0
3748,95176,2010.0
3749,284939,2010.0
3750,586843,2010.0
3751,985076,2010.0
3752,1391526,2010.0
3753,2639628,2010.0
3754,325357,2010.0
3755,573391,2010.0
3756,460390,2010.0
3757,80358,2010.0
3758,2598627,2010.0
3759,274637,2010.0
3760,50581,2010.0
3761,52062,2010.0
3762,2385504,2010.0
3763,2507287,2010.0
3764,2766592,2010.0
3765,1599476,2010.0
3766,2365087,2010.0
3767,2659130,2010.0
3768,3006966,2010.0
3769,588887,2010.0
3770,2814183,2010.0
3771,261309,2010.0
3772,2518003,2010.0
3773,2896351,2010.0
